Sr.no,ID,Name of News,YouTube link,Duration,Publishing year,Media Organization,Auidio Quality,single speaker,Country,Repor Status,Correction,standard duration
1.0,STT_NW0001,༄༅། །འགྲོ་མགོན་བཀའ་བརྒྱུད་པའི་བླ་ཆེན་ཁག་ནས་འཚམས་འདྲིའི་བཀའ་སློབ།,https://youtu.be/UAoD_swP9uA?si=CbQI-_Q97V6-gZ8r,0:58:10,2020.0,TibetTV,Good,True,India,གྲ་སྒྲིག,རྟོག་ཞིབ་ཚར་བ།,00:58:09
2.0,STT_NW0002,༄༅། །ཟླ་རེའི་གསར་འགྱུར་ཕྱོགས་བསྡུས། ,https://youtu.be/t14klcff2fk?si=CtA0tOS5dO0Mb2Rj,0:18:55,2023.0,TibetTV,Good,True,India,གྲ་སྒྲིག,རྟོག་ཞིབ་ཚར་བ།,00:18:54
3.0,STT_NW0003,༄༅། །ཟླ་རེའི་གསར་འགྱུར་ཕྱོགས་བསྡུས། ,https://youtu.be/SFHDCY7OVjE?si=He2zRSPrBCg_k_cP,0:12:02,2023.0,TibetTV,Good,True,India,གྲ་སྒྲིག,རྟོག་ཞིབ་ཚར་བ།,00:11:01
4.0,STT_NW0004,༄༅། །ཟླ་རེའི་གསར་འགྱུར་ཕྱོགས་བསྡུས། ,https://youtu.be/EwbbVBNK_sI?si=p-JVnD9eedXvRHkR,0:18:45,2023.0,TibetTV,Good,True,India,གྲ་སྒྲིག,རྟོག་ཞིབ་ཚར་བ།,00:18:45
5.0,STT_NW0005,བོད་ཀྱི་བརྙན་འཕྲིན་གྱི་ཉིན་རེའི་གསར་འགྱུར། ,https://youtu.be/C32XKz7Csp4?si=xNNaCVNRMVeX1dLP,0:09:50,2022.0,TibetTV,Good,True,India,གྲ་སྒྲིག,རྟོག་ཞིབ་ཚར་བ།,00:09:51
6.0,STT_NW0006,བོད་ཀྱི་བརྙན་འཕྲིན་གྱི་ཉིན་རེའི་གསར་འགྱུར། ,https://youtu.be/1jKoT6LStFI?si=Pe3l9AquYqD4cwsW,0:10:09,2023.0,TibetTV,Good,True,India,གྲ་སྒྲིག,རྟོག་ཞིབ་ཚར་བ།,00:10:09
7.0,STT_NW0007,བོད་ཀྱི་བརྙན་འཕྲིན་གྱི་ཉིན་རེའི་གསར་འགྱུར། ,https://youtu.be/cYfWYTIef5E?si=1dxqn9eIIAy2pFDO,0:08:01,2019.0,TibetTV,Good,True,India,གྲ་སྒྲིག,རྟོག་ཞིབ་ཚར་བ།,00:08:00
8.0,STT_NW0008,བོད་ཀྱི་བརྙན་འཕྲིན་གྱི་ཉིན་རེའི་གསར་འགྱུར། ,https://youtu.be/v-auoE6VgYU?si=eMQTKMHiuWQ17voZ,0:06:20,2024.0,TibetTV,Good,True,India,གྲ་སྒྲིག,རྟོག་ཞིབ་ཚར་བ།,00:06:19
9.0,STT_NW0009,༄༅། ། བོད་ཟླ་ ༨ ཚེས་ ༦ ནས་ ༡༣ བར་གྱི་བདུན་གཅིག་གི་རྩིས་འབྲས།,https://youtu.be/FY9RNtC1tlo?si=xH1HRkwOAwbTg0Ih,0:04:18,2023.0,TibetTV,Good,True,India,གྲ་སྒྲིག,རྟོག་ཞིབ་ཚར་བ།,00:04:17
10.0,STT_NW0010,༄༅། ། བོད་ཟླ་ ༧ ཚེས་ ༨ ནས་ ༡༤ བར་གྱི་བདུན་གཅིག་གི་རྩིས་འབྲས།,https://youtu.be/NCycal3edkA?si=4Y0qGXEXwIIoiHuK,0:04:09,2023.0,TibetTV,Good,True,India,གྲ་སྒྲིག,རྟོག་ཞིབ་ཚར་བ།,00:04:08
11.0,STT_NW0011,༄༅། ། བོད་ཟླ་ ༦ ཚེས་ ༢༤ ནས་ ༣༠ བར་གྱི་བདུན་གཅིག་གི་རྩིས་འབྲས།,https://youtu.be/B8eBsRZz0_M?si=AxAKN62q6VDK5tG2,0:03:39,2023.0,TibetTV,Good,True,India,གྲ་སྒྲིག,རྟོག་ཞིབ་ཚར་བ།,00:03:38
12.0,STT_NW0012,།ཡུ་རོབ་རྒྱལ་ཁབ་ཁག་དང་རྒྱ་གར་ཧི་མ་ཅལ་མངའ་སྡེའི་ས་ཁུལ་གྱི་གཞུང་འབྲེལ་འཚམས་གཟིགས་སྐོར་བཅར་འདྲི།,https://youtu.be/RB0XGxEqGgE?si=ykjaxfvCHQOsua2A,0:49:34,2023.0,TibetTV,Good,True,India,གྲ་སྒྲིག,རྟོག་ཞིབ་ཚར་བ།,00:49:34
13.0,STT_NW0013,༄༅། །བོད་ཀྱི་བསྟན་པ་ཕྱི་དར། ལེའུ། དང་པོ།,https://youtu.be/OPv77dq0fUc?si=VKyZG20JwO3dc-5W,0:10:22,2023.0,TibetTV,Good,True,India,གྲ་སྒྲིག,རྟོག་ཞིབ་ཚར་བ།,00:10:22
14.0,STT_NW0014,༄༅། །བོད་ཀྱི་བསྟན་པ་ཕྱི་དར། ལེའུ། དང་པོ།,https://youtu.be/1W46B3LzPgk?si=bJfvsumBLWBvWVM2,0:19:40,2023.0,TibetTV,Good,True,India,གྲ་སྒྲིག,རྟོག་ཞིབ་ཚར་བ།,00:19:40
15.0,STT_NW0015,༄༅། །བོད་སིལ་བུར་འཐོར་བའི་རྗེས་སུ་རྒྱལ་ཕྲན་ཁག་བྱུང་རབས,https://youtu.be/diF8uXif9y0?si=aLYuqErTde0GBFq2,0:10:58,2023.0,TibetTV,Good,True,India,གྲ་སྒྲིག,རྟོག་ཞིབ་ཚར་བ།,00:10:58
16.0,STT_NW0016,༄༅། །བོད་སིལ་བུར་འཐོར་བའི་རྗེས་སུ་རྒྱལ་ཕྲན་ཁག་བྱུང་རབས། ལེའུ། གཉིས་པ།,https://youtu.be/dWHe8NEDbrI?si=AbIj_VFN4g6FL_lw,0:11:30,2023.0,TibetTV,Good,True,India,གྲ་སྒྲིག,རྟོག་ཞིབ་ཚར་བ།,00:11:29
17.0,STT_NW0017,གཉའ་ཁྲི་བཙན་པོ་བོད་ཀྱི་རྒྱལ་པོར་འཁོད་ཚུལ།,https://youtu.be/YO75zI5TvD4?si=TCfK7VK281iN52Fp,0:10:39,2021.0,TibetTV,Good,True,India,གྲ་སྒྲིག,རྟོག་ཞིབ་ཚར་བ།,00:10:38
18.0,STT_NW0018,བོད་ཀྱི་གཏམ་དཔེའི་རིན་ཐང་དང་རྒྱུན་སྤྱོད་སྐོར།,https://youtu.be/8YOJ4BhB1AQ?si=vUe87SzyxYbtKedn,0:18:01,2021.0,TibetTV,Good,True,India,གྲ་སྒྲིག,རྟོག་ཞིབ་ཚར་བ།,00:18:01
19.0,STT_NW0019,ལོ་རྒྱུས་མེ་ལོང་། སྔོན་གླེང་།,https://youtu.be/QP5nvNeZP1c?si=MB-B0ztWangtwuIX,0:12:14,2021.0,TibetTV,Good,True,India,གྲ་སྒྲིག,རྟོག་ཞིབ་ཚར་བ།,00:12:13
20.0,STT_NW0020,ཆོས་རྒྱལ་སྲོང་བཙན་སྒམ་པོའི་སྐབས་བོད་ཁམས་གཅིག་གྱུར་ཆགས་ཚུལ།,https://youtu.be/06fmxiQDH5U?si=pEo2luApeTDZgXQj,0:16:00,2021.0,TibetTV,Good,True,India,གྲ་སྒྲིག,རྟོག་ཞིབ་ཚར་བ།,00:16:05
21.0,STT_NW0021,༄༅། །ཆོས་རྒྱལ་ཁྲི་སྲོང་སྐབས་བོད་ཀྱི་ཆབ་སྲིད་མངའ་ཐང་།,https://youtu.be/pjEJozQ09VY?si=irZWzBjHYCJEynit,0:13:03,2021.0,TibetTV,Good,True,India,གྲ་སྒྲིག,རྟོག་ཞིབ་ཚར་བ།,00:13:03
22.0,STT_NW0022,༄༅། །ལོ་རྒྱུས་མེ་ལོང་། ཕྱི་ལོ་ ༡༩༡༣ ལོར་བོད་སོག་དབར་བཞག་པའི་མཛའ་གྲོགས་ཀྱི་ཆིངས་ཡིག་སྐོར།,https://youtu.be/31zdfp9D4E8?si=yvMURwFbqjOFp6AM,0:26:12,2022.0,TibetTV,Good,True,India,གྲ་སྒྲིག,རྟོག་ཞིབ་ཚར་བ།,00:26:11
23.0,STT_NW0023,༄༅། །ཟླ་རེའི་གསར་འགྱུར་ཕྱོགས་བསྡུས། ཕྱི་ཟླ་ ༡༢ པའི་གསར་འགྱུར་ཕྱོགས་བསྡུས་ཀྱི་ལས་རིམ། དབུས་སྐད།,https://youtu.be/5RX1HX-7X9M?si=xNrdb65XxIei5-4d,0:15:57,2024.0,TibetTV,Good,True,India,གྲ་སྒྲིག,རྟོག་ཞིབ་ཚར་བ།,00:15:56
24.0,STT_NW0024,བོད་ཀྱི་བརྙན་འཕྲིན་གྱི་ཉིན་རེའི་གསར་འགྱུར།,https://youtu.be/g93luPufP1g?si=q64o_Z58uorbKti1,0:06:38,2023.0,TibetTV,Good,True,India,གྲ་སྒྲིག,རྟོག་ཞིབ་ཚར་བ།,00:06:38
25.0,STT_NW0025,བོད་ཀྱི་བརྙན་འཕྲིན་གྱི་ཉིན་རེའི་གསར་འགྱུར།,https://youtu.be/6ilfDx0W7is?si=nIDOyqsKjh60_Jih,0:08:28,2019.0,TibetTV,Good,True,India,གྲ་སྒྲིག,རྟོག་ཞིབ་ཚར་བ།,00:08:27
26.0,STT_NW0026,བོད་ཀྱི་བརྙན་འཕྲིན་གྱི་ཉིན་རེའི་གསར་འགྱུར།,https://youtu.be/QHrF3uhLPss?si=3BeeXgYLRIOLaYIg,0:13:24,2018.0,TibetTV,Good,True,India,གྲ་སྒྲིག,རྟོག་ཞིབ་ཚར་བ།,00:13:23
27.0,STT_NW0027,བོད་ཀྱི་བརྙན་འཕྲིན་གྱི་ཉིན་རེའི་གསར་འགྱུར།,https://youtu.be/zYI58yy2fm8?si=KXzO3NkPcH4hplG7,0:11:32,2018.0,TibetTV,Good,True,India,གྲ་སྒྲིག,རྟོག་ཞིབ་ཚར་བ།,00:11:31
28.0,STT_NW0028,བོད་ཀྱི་བརྙན་འཕྲིན་གྱི་ཉིན་རེའི་གསར་འགྱུར།,https://youtu.be/d5NAwqwDjIU?si=vz_33-wIGAs3Q7jU,0:09:11,2020.0,TibetTV,Good,True,India,གྲ་སྒྲིག,རྟོག་ཞིབ་ཚར་བ།,00:09:10
29.0,STT_NW0029,༢༠༡༦ ཟླ་ ༡༢ ཚེས་ ༢༨ བོད་ཀྱི་བརྙན་འཕྲིན་གསར་འགྱུར།,https://youtu.be/IydRabYv02Y?si=SXZMePuYDvV6hMmh,0:19:20,2016.0,TibetTV,Good,True,India,གྲ་སྒྲིག,རྟོག་ཞིབ་ཚར་བ།,00:19:19
30.0,STT_NW0030,བོད་ཀྱི་བརྙན་འཕྲིན་གྱི་ཉིན་རེའི་གསར་འགྱུར། ༢༠༢༣།༡༡།༡༥,https://youtu.be/5tipPgnYm6Y?si=L2yGyb8qxSffTvZO,0:08:43,2023.0,TibetTV,Good,True,India,གྲ་སྒྲིག,རྟོག་ཞིབ་ཚར་བ།,00:08:42
31.0,STT_NW0031,བོད་ཀྱི་བརྙན་འཕྲིན་གྱི་ཉིན་རེའི་གསར་འགྱུར,https://youtu.be/bYcAKqBlknY?si=owUgAnLAhqZzezG2,0:06:30,2022.0,TibetTV,Good,True,India,གྲ་སྒྲིག,རྟོག་ཞིབ་ཚར་བ།,00:06:19
32.0,STT_NW0032,10 Sep 2015 - TibetTV News,https://youtu.be/F9EX_pZYFn8?si=RZWc8p1mb5ejo0F7,0:17:39,2015.0,TibetTV,Good,True,India,གྲ་སྒྲིག,རྟོག་ཞིབ་ཚར་བ།,00:17:38
33.0,STT_NW0033,18 Aug 2014 - TibetTV News,https://youtu.be/08yGTAwo8SQ?si=Txb4uBz1-KumKNvn,0:18:35,2014.0,TibetTV,Good,True,India,གྲ་སྒྲིག,རྟོག་ཞིབ་ཚར་བ།,00:18:34
34.0,STT_NW0034,20 Aug 2015 - TibetTV News,https://youtu.be/ZnXY__txmc0?si=Mb__f17eJ0P7upTb,0:18:29,2015.0,TibetTV,Good,True,India,གྲ་སྒྲིག,རྟོག་ཞིབ་ཚར་བ།,00:18:29
35.0,STT_NW0035,23 Aug 2012 - TibetonlineTV News,https://youtu.be/f4zUtvcU2bY?si=9X4U61iOrjfZt7S9,0:05:39,2012.0,TibetTV,Good,True,India,གྲ་སྒྲིག,རྟོག་ཞིབ་ཚར་བ།,00:05:38
36.0,STT_NW0036,14 May 2012 - Tibetonline.tv News,https://youtu.be/mvDLMiXil54?si=j-dEh0nLev2vK3OU,0:07:47,2012.0,TibetTV,Good,True,India,གྲ་སྒྲིག,རྟོག་ཞིབ་ཚར་བ།,00:07:46
37.0,STT_NW0037,29 May 2012 - Tibetonline.tv News,https://youtu.be/P1BiO7UTIv8?si=vIx4ve4puRhQ8BUT,0:10:41,2012.0,TibetTV,Good,True,India,གྲ་སྒྲིག,རྟོག་ཞིབ་ཚར་བ།,00:10:40
38.0,STT_NW0038,20 08 2012 - TibetonlineTV News,https://youtu.be/GVS8DMHzADU?si=LGhOry5VT3rKLh-W,0:03:41,2012.0,TibetTV,Good,True,India,གྲ་སྒྲིག,རྟོག་ཞིབ་ཚར་བ།,00:03:41
39.0,STT_NW0039,10 Sept 2012 - TibetonlineTV News,https://youtu.be/pzRVheUCzAk?si=bV5cJcUsmn5OceF1,0:04:46,2013.0,TibetTV,Good,True,India,གྲ་སྒྲིག,རྟོག་ཞིབ་ཚར་བ།,00:04:46
40.0,STT_NW0040,8 March 2013 - TibetonlineTV News,https://youtu.be/Jql_S0X6Oa0?si=1ANjGlu1GV1e2Vsk,0:05:14,2013.0,TibetTV,Good,True,India,གྲ་སྒྲིག,རྟོག་ཞིབ་ཚར་བ།,00:05:14
41.0,STT_NW0041,1 May 2013 - TibetonlineTV News,https://youtu.be/w4yLKxdun1s?si=FxFaxbmNj3MfxR-_,0:05:53,2013.0,TibetTV,Good,True,India,གྲ་སྒྲིག,རྟོག་ཞིབ་ཚར་བ།,00:05:52
42.0,STT_NW0042,15 Nov 2013 - TibetonlineTV News,https://youtu.be/L4pN_zXjreo?si=tIjvHP_1-TuELCD0,1:08:55,2013.0,TibetTV,Good,True,India,གྲ་སྒྲིག,རྟོག་ཞིབ་ཚར་བ།,01:08:55
43.0,STT_NW0043,02 Dec 2013 - TibetonlineTV News,https://youtu.be/ojyfJKcsfWo?si=trInhfhnYE7Biju8,0:16:19,2013.0,TibetTV,Good,True,India,གྲ་སྒྲིག,རྟོག་ཞིབ་ཚར་བ།,00:16:18
44.0,STT_NW0044,18 Mar 2013 - TibetonlineTV News,https://youtu.be/tl9mJk_-mro?si=oMqT_N6Ku461AUBL,0:08:21,2013.0,TibetTV,Good,True,India,གྲ་སྒྲིག,རྟོག་ཞིབ་ཚར་བ།,00:08:21
45.0,STT_NW0045,19 Aug 2014 - TibetonlineTV News,https://youtu.be/G6jIJnCywEg?si=uYdBsmFv-0ofnb9l,0:17:17,2014.0,TibetTV,Good,True,India,གྲ་སྒྲིག,རྟོག་ཞིབ་ཚར་བ།,00:17:16
46.0,STT_NW0046,བོད་ཀྱི་བརྙན་འཕྲིན་གྱི་ཉིན་རེའི་གསར་འགྱུར། ༢༠༢༣།༢།༧,https://youtu.be/TJdDHW_eLJs?si=7MWl1geLiCm7iZxK,0:07:29,2017.0,TibetTV,Good,True,India,གྲ་སྒྲིག,རྟོག་ཞིབ་ཚར་བ།,00:07:28
47.0,STT_NW0047,"བོད་ཀྱི་བརྙན་འཕྲིན་གྱི་ཉིན་རེའི་གསར་འགྱུར། ༢༠༢༤།༠༢།༢༡ TV Daily News February 21, 2024",https://www.youtube.com/watch?v=qgvRVA2jtuk,0:04:58,2024.0,TibetTV,Good,True,India,གྲ་སྒྲིག,རྟོག་ཞིབ་ཚར་བ།,00:04:59
48.0,STT_NW0048,བོད་ཀྱི་བརྙན་འཕྲིན་གྱི་ཉིན་རེའི་གསར་འགྱུར། ༢༠༡༩།༠༨།༡༤,https://youtu.be/45u-NIBBL-c?si=Eem5yNTRc8E6CTKS,0:52:52,2019.0,TibetTV,Good,True,India,གྲ་སྒྲིག,རྟོག་ཞིབ་ཚར་བ།,00:13:51
49.0,STT_NW0049,༢༠༡༦ ཟླ་ ༠༤ ཚེས་ ༢༨ བོད་ཀྱི་བརྙན་འཕྲིན་གསར་འགྱུར།,https://youtu.be/QtHpKIy4A_I?si=tL7WZi0HFaNG7RQ5,0:37:54,2016.0,TibetTV,Good,True,India,གྲ་སྒྲིག,རྟོག་ཞིབ་ཚར་བ།,00:37:53
50.0,STT_NW0050,བོད་ཀྱི་བརྙན་འཕྲིན་གྱི་ཉིན་རེའི་གསར་འགྱུར། ༢༠༡༨།༠༥།༢༨,https://youtu.be/h3oeO6cpclM?si=x9U6hbj4RwGiKZfg,0:11:04,2018.0,TibetTV,Good,True,India,གྲ་སྒྲིག,རྟོག་ཞིབ་ཚར་བ།,00:11:03
51.0,STT_NW0051,2021བོད་གྱི་ལོ་གསར་སྐོར་ལ་གླེང་མོལ།losar,https://youtu.be/VVWlRM2Bsu8?si=88T1rB8o2NgHQijh,0:10:38,2021.0,Lhasa TV,Good,True,India,གྲ་སྒྲིག,རྟོག་ཞིབ་ཚར་བ།,
52.0,STT_NW0052,"Radio Free Asia Tibetan Webcast , Tuesday, August 10, 2010",https://youtu.be/IMdROTsKF0U?si=4apFzika0LfwAHhP,0:07:00,2010.0,RFA,Good,True,India,གྲ་སྒྲིག,རྟོག་ཞིབ་ཚར་བ།,00:07:03
53.0,STT_NW0053,2011 miss Tibet pageant.,https://youtu.be/3uwZhWMWnU0?si=BRSNwzgPUT3xI1eo,0:02:00,2011.0,RFA,Good,True,India,གྲ་སྒྲིག,རྟོག་ཞིབ་ཚར་བ།,00:02:06
54.0,STT_NW0054,"Radio Free Asia Tibetan Webcast ,Tuesday, October 05, 2010",https://youtu.be/h1PzzHAh6AY?si=ffoznVCOADqAV2Mg,0:06:00,2010.0,RFA,Good,True,India,གྲ་སྒྲིག,རྟོག་ཞིབ་ཚར་བ།,00:06:40
55.0,STT_NW0055,"Radio Free Asia Tibetan Webcast Thursday, September 2, 2010",https://youtu.be/yDtT9U9XjpI?si=A2hDbZjZVXKb4TKO,0:06:00,2010.0,RFA,Good,True,India,གྲ་སྒྲིག,རྟོག་ཞིབ་ཚར་བ།,00:06:04
56.0,STT_NW0056,"Radio Free Asia Tibetan Webcast ,Thursday, August 19, 2010",https://youtu.be/JBlW-yhGVzU?si=0ToznHy4hFydfgqy,0:05:00,2010.0,RFA,Good,True,India,གྲ་སྒྲིག,རྟོག་ཞིབ་ཚར་བ།,00:05:33
57.0,STT_NW0057,"Radio Free Asia Tibetan Webcast Thursday, Oct 04, 2012.",https://youtu.be/QFw6cIP0I-Y?si=e92eb0ymmkG0hmnS,0:06:00,2012.0,RFA,Good,True,India,གྲ་སྒྲིག,རྟོག་ཞིབ་ཚར་བ།,00:06:03
58.0,STT_NW0058,"Radio Free Asia Tibetan Webcast Thursday , July 26, 2012",https://youtu.be/scb2UzfJVzo?si=vGUvL0AZBQnw-cih,0:04:00,2012.0,RFA,Good,True,India,གྲ་སྒྲིག,རྟོག་ཞིབ་ཚར་བ།,00:04:39
59.0,STT_NW0059,"Radio Free Asia Ukay Webcast , Thursday , May 03, 2012",https://youtu.be/0Oq7dj3P8Cg?si=AOIouffLJZwwNZvr,0:04:00,2012.0,RFA,Good,True,India,གྲ་སྒྲིག,རྟོག་ཞིབ་ཚར་བ།,00:04:44
60.0,STT_NW0060,"Radio Free Asia Ukay webcast, Thursday, October 25, 2012",https://youtu.be/lPwX_3hclsI?si=2q6yX9sMb4kSPrjC,0:05:00,2012.0,RFA,Good,True,India,གྲ་སྒྲིག,རྟོག་ཞིབ་ཚར་བ།,00:05:19
61.0,STT_NW0061,"Radio Free Asia Ukay Webcast , Thursday , March 15, 2012",https://youtu.be/2auMwmub6ok?si=MGIEPPtr0H3JulPg,0:03:00,2012.0,RFA,Good,True,India,གྲ་སྒྲིག,རྟོག་ཞིབ་ཚར་བ།,00:03:23
62.0,STT_NW0062,"Radio Free Asia Ukay Webcast , Thursday , February 02, 2012",https://youtu.be/4gGspuj28eo?si=cM0KQBkWH63EVZPi,0:04:00,2012.0,RFA,Good,True,India,གྲ་སྒྲིག,རྟོག་ཞིབ་ཚར་བ།,00:04:14
63.0,STT_NW0063,"Radio Free Asia Tibetan Webcast Thursday, May 13, 2010",https://youtu.be/qbAVcvb9ypA?si=aR7tH9ZlvHiNKNO6,0:05:00,2010.0,RFA,Good,True,India,གྲ་སྒྲིག,རྟོག་ཞིབ་ཚར་བ།,00:05:17
64.0,STT_NW0064,"Radio Free Asia Ukay Webcast , Thursday , February 23, 2012.",https://youtu.be/R5kYHnzKWDA?si=44SIHu464ueCNMKJ,0:05:00,2012.0,RFA,Good,True,India,གྲ་སྒྲིག,རྟོག་ཞིབ་ཚར་བ།,00:05:31
65.0,STT_NW0065,"Radio Free Asia Ukay Webcast , Thursday ,July 05, 2012",https://youtu.be/R5kYHnzKWDA?si=oLbeRUG4sTVYcAKj,0:05:00,2012.0,RFA,Good,True,India,གྲ་སྒྲིག,རྟོག་ཞིབ་ཚར་བ།,00:05:31
66.0,STT_NW0066,"Radio Free Asia Ukay Webcast , Thursday ,Dec 13, 2012.",https://youtu.be/Sykq1M3Wz-E?si=zqzy5MY6YSVH4n9a,0:04:00,2012.0,RFA,Good,True,India,གྲ་སྒྲིག,རྟོག་ཞིབ་ཚར་བ།,00:04:11
67.0,STT_NW0067,"Radio Free Asia Ukay Webcast , Thursday , March 08, 2012",https://youtu.be/8QF5W-kjafc?si=VaJsoXWxCef_r5XM,0:05:00,2012.0,RFA,Good,True,India,གྲ་སྒྲིག,རྟོག་ཞིབ་ཚར་བ།,00:05:12
68.0,STT_NW0068,"Radio Free Asia Ukay Webcast , Thursday , January 19 , 2012",https://youtu.be/tL7wtLYoOVc?si=_CTIVB1-EGnfpAS3,0:04:00,2012.0,RFA,Good,True,India,གྲ་སྒྲིག,རྟོག་ཞིབ་ཚར་བ།,00:04:33
69.0,STT_NW0069,"Radio Free Asia Ukay Webcast , Thursday , March 01, 2012",https://youtu.be/1hPEt20VulA?si=5WE4DB3kHpJnnQBG,0:06:00,2012.0,RFA,Good,True,India,གྲ་སྒྲིག,རྟོག་ཞིབ་ཚར་བ།,00:04:53
70.0,STT_NW0070,"Radio Free Asia Ukay Webcast , Thursday , April 12, 2012",https://youtu.be/-uVWv16ChfE?si=PWPSsXz_jD1Ssd4X,0:04:00,2012.0,RFA,Good,True,India,གྲ་སྒྲིག,རྟོག་ཞིབ་ཚར་བ།,00:04:45
71.0,STT_NW0071,"Radio Free Asia Ukay Webcast , Thursday ,August 02, 2012",https://youtu.be/_kahfs5if84?si=vaOBGcoEJ1W129fV,0:04:00,2012.0,RFA,Good,True,India,གྲ་སྒྲིག,རྟོག་ཞིབ་ཚར་བ།,00:04:43
72.0,STT_NW0072,"Radio Free Asia Ukay webcast, Thursday, March 27, 2014",https://youtu.be/ePqzUvMBZvI?si=gTowdToT6o7uenDm,0:06:00,2014.0,RFA,Good,True,India,གྲ་སྒྲིག,རྟོག་ཞིབ་ཚར་བ།,00:05:59
73.0,STT_NW0073,"Radio Free Asia Ukay webcast, Thursday, January 9, 2014",https://youtu.be/dl_w1HJox6Y?si=cuUnn_-GIBezuywf,0:06:00,2014.0,RFA,Good,True,India,གྲ་སྒྲིག,རྟོག་ཞིབ་ཚར་བ།,00:06:11
74.0,STT_NW0074,"Radio Free Asia Tibetan Webcast Thursday, September 23, 2010",https://youtu.be/ulEBxSpVjh0?si=cLARba6w5OLyEeK2,0:06:00,2010.0,RFA,Good,True,India,གྲ་སྒྲིག,རྟོག་ཞིབ་ཚར་བ།,00:06:35
75.0,STT_NW0075,"Radio Free Asia Ukay Webcast , Thursday , December 01, 2011",https://youtu.be/VDx6FrBxua0?si=5OTB5wqsLxE55pxF,0:04:00,2011.0,RFA,Good,True,India,གྲ་སྒྲིག,རྟོག་ཞིབ་ཚར་བ།,00:04:41
76.0,STT_NW0076,"Radio Free Asia Ukay Webcast Thursday, July 03, 2014",https://youtu.be/N3X0k4hQrUs?si=iLW6aRPB4aKkK36r,0:06:00,2014.0,RFA,Good,True,India,གྲ་སྒྲིག,རྟོག་ཞིབ་ཚར་བ།,00:05:56
77.0,STT_NW0077,"Radio Free Asia Ukay webcast, Thursday, June 19, 2014",https://youtu.be/BNm2mj0myuY?si=xh3mhS6iEascY_Gm,0:05:00,2014.0,RFA,Good,True,India,གྲ་སྒྲིག,རྟོག་ཞིབ་ཚར་བ།,00:04:37
78.0,STT_NW0078,"Radio Free Asia Ukay Webcast Thursday, June 26, 2014",https://youtu.be/hZmDqEsD_1w?si=H4WN8XI-4pxi-dBV,0:05:00,2014.0,RFA,Good,True,India,གྲ་སྒྲིག,རྟོག་ཞིབ་ཚར་བ།,00:04:38
79.0,STT_NW0079,"Radio Free Asia Ukay webcast, Thursday, June 12, 2014",https://youtu.be/yuvTXSU6CiM?si=z6GcAYdyomgOFEQu,0:06:00,2014.0,RFA,Good,True,India,གྲ་སྒྲིག,རྟོག་ཞིབ་ཚར་བ།,00:06:15
80.0,STT_NW0080,"Radio Free Asia Ukay webcast, Thursday, January 23, 2014",https://youtu.be/vnPAIqANrxQ?si=ha5kF7K0xy5VvM_P,0:06:00,2014.0,RFA,Good,True,India,གྲ་སྒྲིག,རྟོག་ཞིབ་ཚར་བ།,00:05:47
81.0,STT_NW0081,"Radio Free Asia Ukay Webcast Thursday, July 24, 2014",https://youtu.be/jMdjjQ1_DpQ?si=4QcwZlwz8b70gYRE,0:05:00,2014.0,RFA,Good,True,India,གྲ་སྒྲིག,རྟོག་ཞིབ་ཚར་བ།,00:05:00
82.0,STT_NW0082,"Radio Free Asia Ukay webcast, Thursday, August 21, 2014",https://youtu.be/EAzFE2ioeb0?si=p9kSIZBrJKfbbVC1,0:06:00,2014.0,RFA,Good,True,India,གྲ་སྒྲིག,རྟོག་ཞིབ་ཚར་བ།,00:06:50
83.0,STT_NW0083,"Radio Free Asia Ukay webcast, Thursday, June 5, 2014",https://youtu.be/mxxMs1pdeBA?si=Ud9_70VRREQ0pEq6,0:06:00,2014.0,RFA,Good,True,India,གྲ་སྒྲིག,རྟོག་ཞིབ་ཚར་བ།,00:05:21
84.0,STT_NW0084,"Radio Free Asia Ukay Webcast Thursday, August 7, 2014",https://youtu.be/3CubTwfLguU?si=Zz7Szrbob7REfyt6,0:06:00,2014.0,RFA,Good,True,India,གྲ་སྒྲིག,རྟོག་ཞིབ་ཚར་བ།,00:06:02
85.0,STT_NW0085,"Radio Free Asia Tibetan Webcast Thursday, June 10, 2010",https://youtu.be/qBlPZNUv_To?si=aEJ72mPQh8X3IjYl,0:06:00,,RFA,Good,True,India,གྲ་སྒྲིག,རྟོག་ཞིབ་ཚར་བ།,00:06:34
86.0,STT_NW0086,Radio Free Asia Ukay Webcast 5th December 2013,https://youtu.be/rHud6FDtudk?si=shE25iyws8S0vcRP,0:06:00,,RFA,Good,True,India,གྲ་སྒྲིག,རྟོག་ཞིབ་ཚར་བ།,00:05:30
87.0,STT_NW0087,RFA Special Report Lowell Thomas visit to Tibet 1949,https://youtu.be/X-ZZx9kMPCU?si=lZcfEeFJS0l-fWNk,0:14:00,2014.0,RFA,Good,True,India,གྲ་སྒྲིག,རྟོག་ཞིབ་ཚར་བ།,00:14:46
88.0,STT_NW0088,"Radio Free Asia Tibetan Webcast Thursday, September 30, 2010.",https://youtu.be/R4bhejpZ5Ao?si=q5qmA8s44Nba6qmz,0:06:00,,RFA,Good,True,India,གྲ་སྒྲིག,རྟོག་ཞིབ་ཚར་བ།,00:06:03
89.0,STT_NW0089,"Radio Free Asia Ukay Webcast Thursday, March 7, 2013",https://youtu.be/PH0Hcb3Q4Pk?si=qF85CygQM_DYHRq4,0:04:00,,RFA,Good,True,India,གྲ་སྒྲིག,རྟོག་ཞིབ་ཚར་བ།,00:04:59
90.0,STT_NW0090,"Radio Free Asia Ukay Webcast Thursday, April 11, 2013",https://youtu.be/qt4gD9btpIg?si=Zvsm13dSv2nW0YGS,0:05:00,,RFA,Good,True,India,གྲ་སྒྲིག,རྟོག་ཞིབ་ཚར་བ།,00:05:15
91.0,STT_NW0091,Why China Doesn’t Have an Opposition Leader Like Navalny,https://youtu.be/PK7qqsvOI1o?si=99X24V-c5Gjt1q66,0:20:00,,VOA  Tibetan,Good,True,India,གྲ་སྒྲིག,རྟོག་ཞིབ་ཚར་བ།,00:20:50
92.0,STT_NW0092,"གསར་འགྱུར་ཕྱོགས་བསྡུས། ༢༠༢༤ ཟླ་ ༢ ཚེས་༢༧ Headline News: Feb 27, 2024",https://youtu.be/fE1Y3xv80N0?si=78tYJD5W2dC-ItZi,0:05:00,,VOA  Tibetan,Good,True,India,གྲ་སྒྲིག,རྟོག་ཞིབ་ཚར་བ།,00:05:00
93.0,STT_NW0093,Tibetan Monks in Science Class,https://youtu.be/GgQ4NW9uxbM?si=5NWKNAj2Y1yCwP-s,0:05:00,,VOA  Tibetan,Good,True,India,གྲ་སྒྲིག,རྟོག་ཞིབ་ཚར་བ།,00:04:46
94.0,STT_NW0094,Dalai Lama Teaching to Taiwaness,https://youtu.be/4FSkDrJsNwc?si=l_9PCGT93D-J0pHu,0:05:00,,VOA  Tibetan,Good,True,India,གྲ་སྒྲིག,རྟོག་ཞིབ་ཚར་བ།,00:04:05
95.0,STT_NW0095,Tibetan Protest in Delhi 08/04/07,https://youtu.be/Uz1hirinkzQ?si=ppkr_MYJ7vbmevBR,0:06:00,,VOA  Tibetan,Good,True,India,གྲ་སྒྲིག,རྟོག་ཞིབ་ཚར་བ།,00:06:46
96.0,STT_NW0096,FreedomOfPressInChina,https://youtu.be/-XF3GgJlF_Y?si=F7vpu1yWbTfgtp8K,0:05:00,,VOA  Tibetan,Good,True,India,གྲ་སྒྲིག,རྟོག་ཞིབ་ཚར་བ།,00:03:52
97.0,STT_NW0097,Lhadon Tenthong in Toronto,https://youtu.be/PL-nHqyRaRk?si=T66tNyL_vxtsODFv,0:04:00,,VOA  Tibetan,Good,True,India,གྲ་སྒྲིག,རྟོག་ཞིབ་ཚར་བ།,00:03:54
98.0,STT_NW0098,Analysis Xi Jinping in Lhasa 27Jul11.mp4,https://youtu.be/w7eQ74Q1V4Q?si=yFgXLTDjzcHRijq_,0:08:04,,VOA  Tibetan,Good,True,India,གྲ་སྒྲིག,རྟོག་ཞིབ་ཚར་བ།,00:08:04
99.0,STT_NW0099,Tibetan Thankas in Norbu Lingka,https://youtu.be/i4Z4XImIQ90?si=FZnh2o36VcSfMBSM,0:03:30,,VOA  Tibetan,Good,True,India,གྲ་སྒྲིག,རྟོག་ཞིབ་ཚར་བ།,00:03:35
100.0,STT_NW0100,World AIDS Day & Dhasa Awarness on Aids,https://youtu.be/anh5_egq42w?si=KP9Ea9LHy83RKsa0,0:07:14,,VOA  Tibetan,Good,True,India,གྲ་སྒྲིག,རྟོག་ཞིབ་ཚར་བ།,00:07:15
101.0,STT_NW0101,49th Anniversary of Tibetan Uprising Day in Dharamsala,https://youtu.be/Xk4m9YK9goQ?si=NE-wTEJKuFNezBDt,0:05:11,,VOA  Tibetan,Good,True,India,གྲ་སྒྲིག,རྟོག་ཞིབ་ཚར་བ།,00:05:10
102.0,STT_NW0102,Nancy Pelosi in Dhasa & Kalon Tripa Speech,https://youtu.be/15-ao6PHb2Q?si=DeMFEnxFY_QL5wFG,0:03:25,,VOA  Tibetan,Good,True,India,གྲ་སྒྲིག,རྟོག་ཞིབ་ཚར་བ།,00:03:26
103.0,STT_NW0103,New Development in Tibetan Protest in Tibet,https://youtu.be/WAe92fRX7Kk?si=gpfFCnmv0JMro2KF,0:04:06,,VOA  Tibetan,Good,True,India,གྲ་སྒྲིག,རྟོག་ཞིབ་ཚར་བ།,00:04:07
104.0,STT_NW0104,Up Rising by Tibetans in Tibet against Chinese Oppression,https://youtu.be/qDkmrQmB4A0?si=0zshlvEg8t4Rl381,0:06:48,,VOA  Tibetan,Good,True,India,གྲ་སྒྲིག,རྟོག་ཞིབ་ཚར་བ།,00:06:48
105.0,STT_NW0105,US Congress & Tibet,https://youtu.be/A-gbGygYrjc?si=QpwK8fvJPzxtHzU8,0:06:14,,VOA  Tibetan,Good,True,India,གྲ་སྒྲིག,རྟོག་ཞིབ་ཚར་བ།,00:06:15
106.0,STT_NW0106,2008 Beijing Olympic Human Rights Demand,https://youtu.be/mhnAn1Je8P4?si=_m-BOlEoQbc5hKSP,0:06:48,,VOA  Tibetan,Good,True,India,གྲ་སྒྲིག,རྟོག་ཞིབ་ཚར་བ།,00:06:48
107.0,STT_NW0107,Tibet Protest-China's Respond to HH the 14 Dalai Lama,https://youtu.be/EmXcWpNlEig?si=xtpjmPQujh3xhnRJ,0:07:03,,VOA  Tibetan,Good,True,India,གྲ་སྒྲིག,རྟོག་ཞིབ་ཚར་བ།,00:07:04
108.0,STT_NW0108,"Beijing Olympic Torch Protest-London, Paris, San Francisco",https://youtu.be/Cbin4vl2DYk?si=fysS2evu372I7fx7,0:05:00,,VOA  Tibetan,Good,True,India,གྲ་སྒྲིག,རྟོག་ཞིབ་ཚར་བ།,00:04:59
109.0,STT_NW0109,Chonag Choepa & HH Dalai Lama Teaching,https://youtu.be/G8FoTA2B93Q?si=Qvhp7w-MqMLMNp83,0:04:04,,VOA  Tibetan,Good,True,India,གྲ་སྒྲིག,རྟོག་ཞིབ་ཚར་བ།,00:04:04
110.0,STT_NW0110,Former Drapchi Prisoner Nuns in England to talk about Tibet,https://youtu.be/l90zUHuiU_8?si=8OSY9xAHQCJ22ci1,0:06:00,,VOA  Tibetan,Good,True,India,གྲ་སྒྲིག,རྟོག་ཞིབ་ཚར་བ།,00:05:59
111.0,STT_NW0111,Beijing Olympic Torch San Francisco-Tibetan Protest,https://youtu.be/ezQwcd8uCW8?si=Yrw60CO_Xa8AMXDD,0:05:20,,VOA  Tibetan,Good,True,India,གྲ་སྒྲིག,རྟོག་ཞིབ་ཚར་བ།,00:05:19
112.0,STT_NW0112,Tibetan Envoys Press Conference,https://youtu.be/iUGYyaH9lVg?si=WrGsR5qXnn_rPjrL,0:05:09,,VOA  Tibetan,Good,True,India,གྲ་སྒྲིག,རྟོག་ཞིབ་ཚར་བ།,00:05:09
113.0,STT_NW0113,Karmapa Visits New York,https://youtu.be/W5iAcJAvmX8?si=eJ3lCe9-bzTqYqKW,0:06:43,,VOA  Tibetan,Good,True,India,གྲ་སྒྲིག,རྟོག་ཞིབ་ཚར་བ།,00:07:18
114.0,STT_NW0114,Kunleng News 12-05-08 (1) ཀུན་གླེང་གསར་འགྱུར།,https://youtu.be/aUS-wgIJce8?si=Nnykw9NyxLm_KO9K,0:09:28,,VOA  Tibetan,Good,True,India,གྲ་སྒྲིག,རྟོག་ཞིབ་ཚར་བ།,00:09:29
115.0,STT_NW0115,08_06_10 ཀུན་གླེང་གསར་འགྱུར། Kunleng News 1.mp4,https://youtu.be/23y6xQ4ZymE?si=r0Gskna67_Y6dwmY,0:09:43,,VOA  Tibetan,Good,True,India,གྲ་སྒྲིག,རྟོག་ཞིབ་ཚར་བ།,00:09:43
116.0,STT_NW0116,08 21 09 Kunleng News,https://youtu.be/4F-_4VZkEMk?si=CUatuCE7e5N1nTMX,0:08:28,,VOA  Tibetan,Good,True,India,གྲ་སྒྲིག,རྟོག་ཞིབ་ཚར་བ།,00:10:28
117.0,STT_NW0117,02_10_10 Kunleng News 1.mp4,https://youtu.be/B5AS87kwKsk?si=l8YtYSHOQDS22pKW,0:06:27,,VOA  Tibetan,Good,True,India,གྲ་སྒྲིག,རྟོག་ཞིབ་ཚར་བ།,00:06:27
118.0,STT_NW0118,04_16_10 ཀུན་གླེང་གསར་འགྱུར། Kunleng News.mp4,https://youtu.be/qGwfJr_LX98?si=PiJ5mMgPnlDQgsDO,0:10:30,,VOA  Tibetan,Good,True,India,གྲ་སྒྲིག,རྟོག་ཞིབ་ཚར་བ།,00:10:31
119.0,STT_NW0119,08_13_10 ཀུན་གླེང་གསར་འགྱུར། Kunleng News.mp4,https://youtu.be/XAF6Wlp6lPE?si=lPJuuu2QV5bPoKFt,0:10:30,,VOA  Tibetan,Good,True,India,གྲ་སྒྲིག,རྟོག་ཞིབ་ཚར་བ།,00:10:04
120.0,STT_NW0120,06_18_10 ཀུན་གླེང་གསར་འགྱུར། Kunleng News 2.mp4,https://youtu.be/Jpnd00R4lvY?si=8NTLXY0VA1POQezW,0:04:15,,VOA  Tibetan,Good,True,India,གྲ་སྒྲིག,རྟོག་ཞིབ་ཚར་བ།,00:04:15
121.0,STT_NW0121,04_30_10 ཀུན་གླེང་གསར་འགྱུར། Kunleng News 1.mp4,https://youtu.be/IhkLbF49NPg?si=V9-LXj6356HB6BDU,0:06:33,,VOA  Tibetan,Good,True,India,གྲ་སྒྲིག,རྟོག་ཞིབ་ཚར་བ།,00:06:34
122.0,STT_NW0122,Analysis: Google and China,https://youtu.be/3VLneBLcrGg?si=A9mQi6OhMA17qHVO,0:08:17,,VOA  Tibetan,Good,True,India,གྲ་སྒྲིག,རྟོག་ཞིབ་ཚར་བ།,00:08:17
123.0,STT_NW0123,06_25_10 ཀུན་གླེང་། Kunleng 2.mp4,https://youtu.be/eIleeBweGHQ?si=-jbWKuj5DETpimEY,0:09:57,,VOA  Tibetan,Good,True,India,གྲ་སྒྲིག,རྟོག་ཞིབ་ཚར་བ།,00:09:57
124.0,STT_NW0124,03_05_10 ཀུན་གླེང་གསར་འགྱུར། Kunleng News 2.mp4,https://youtu.be/q6oVnf2Rakg?si=P2XNE1FrKUwv1GEJ,0:04:13,,VOA  Tibetan,Good,True,India,གྲ་སྒྲིག,རྟོག་ཞིབ་ཚར་བ།,00:04:14
125.0,STT_NW0125,"Kunleng News Aug 16, 2019",https://youtu.be/nSIywUMcKSs?si=IGuppKGKIgT6qvFG,0:19:00,,VOA  Tibetan,Good,True,India,གྲ་སྒྲིག,རྟོག་ཞིབ་ཚར་བ།,00:19:00
126.0,STT_NW0126,"Kunleng News Aug 23, 2019 ཀུན་གླེང་གསར་འགྱུར། ༢༠༡༩ཟླ་ ༨ ཚེས་༢༣",https://youtu.be/c3Z3KpQEFII?si=ztmrE_riXqiSmhpr,0:23:00,,VOA  Tibetan,Good,True,India,གྲ་སྒྲིག,རྟོག་ཞིབ་ཚར་བ།,00:22:00
127.0,STT_NW0127,"Kunleng News Sep 27, 2019 ཀུན་གླེང་གསར་འགྱུར། ༢༠༡༩ཟླ་ ༩ ཚེས་༢༧",https://youtu.be/99Aboc-R3LI?si=riiKU_Wu1Q2X857i,0:15:45,,VOA  Tibetan,Good,True,India,གྲ་སྒྲིག,རྟོག་ཞིབ་ཚར་བ།,00:15:48
128.0,STT_NW0128,Discussion on US Election (2 of 5),https://youtu.be/n6M6rkvVT6E?si=uX1_yqhBmBt8qFVl,0:09:22,,VOA  Tibetan,Good,True,India,གྲ་སྒྲིག,རྟོག་ཞིབ་ཚར་བ།,00:09:22
129.0,STT_NW0129,11-28-08 Kunleng News ཀུན་གླེང་གསར་འགྱུར།,https://youtu.be/_v1woZaAsB0?si=yKSOPKEkVR-_eQYn,0:09:41,,VOA  Tibetan,Good,True,India,གྲ་སྒྲིག,རྟོག་ཞིབ་ཚར་བ།,00:10:41
130.0,STT_NW0130,"Kunleng News Sep 8, 2017 ཀུན་གླེང་གསར་འགྱུར། ༢༠༡༧ཟླ་ ༩ ཚེས་༨",https://youtu.be/8jwHI9RFMqk?si=FNIfbsx0IshjAab5,0:17:41,,VOA  Tibetan,Good,True,India,གྲ་སྒྲིག,རྟོག་ཞིབ་ཚར་བ།,00:17:42
131.0,STT_NW0131,02-04-11 ཀུན་གླེང་གསར་འགྱུར། Kunleng News,https://youtu.be/KiitHSehx-s?si=Z8vIAj_crdPsOWya,0:12:41,,VOA  Tibetan,Good,True,India,གྲ་སྒྲིག,རྟོག་ཞིབ་ཚར་བ།,00:12:44
132.0,STT_NW0132,"Kunleng News Nov 15, 2019 ཀུན་གླེང་གསར་འགྱུར། ༢༠༡༩ཟླ་ ༡༡ ཚེས་༡༥",https://youtu.be/DcA7pRW_d6E?si=dx2ugYZEZlXDLGbl,0:20:37,,VOA  Tibetan,Good,True,India,གྲ་སྒྲིག,རྟོག་ཞིབ་ཚར་བ།,00:20:37
133.0,STT_NW0133,02 13 09 ཀུན་གླེང་གསར་འགྱུར། Kunleng News,https://youtu.be/Drx30YDnYGY?si=e7P9z-pSMHVYvL0j,0:10:55,,VOA  Tibetan,Good,True,India,གྲ་སྒྲིག,རྟོག་ཞིབ་ཚར་བ།,00:10:56
134.0,STT_NW0134,"Kunleng News December 3, 2021 ཀུན་གླེང་གསར་འགྱུར། ༢༠༢༡ ཟླ་༡༢ ཚེས་ ༣",https://youtu.be/166nIq6gwws?si=j9w-_hdVlmI4XYek,0:19:22,,VOA  Tibetan,Good,True,India,གྲ་སྒྲིག,རྟོག་ཞིབ་ཚར་བ།,00:19:22
135.0,STT_NW0135,"Kunleng News Dec 11, 2020 ཀུན་གླེང་གསར་འགྱུར། ༢༠༢༠ ཟླ་ ༡༢ ཚེས་༡༡",https://youtu.be/XIfzBwa64_0?si=N-0JSh1TAXq5w1Vz,0:18:22,,VOA  Tibetan,Good,True,India,གྲ་སྒྲིག,རྟོག་ཞིབ་ཚར་བ།,00:18:21
136.0,STT_NW0136,Analysis 08-19-09,https://youtu.be/Kd2btNSjkKw?si=34LrBo-u-tCJNLO0,0:09:12,,VOA  Tibetan,Good,True,India,གྲ་སྒྲིག,རྟོག་ཞིབ་ཚར་བ།,00:09:13
137.0,STT_NW0137,07 3 09 ཀུན་གླེང་གསར་འགྱུར། Kunleng News 2,https://youtu.be/PKwN1aNM05A?si=uOp5-MTePLvqHIJw,0:07:02,,VOA  Tibetan,Good,True,India,གྲ་སྒྲིག,རྟོག་ཞིབ་ཚར་བ།,00:07:02
138.0,STT_NW0138,"VOA Tibetan Headline News 24 Apr , 2014",https://youtu.be/vr2cHFs7q1c?si=UoS_mTapkHyDqNNZ,0:05:34,,VOA  Tibetan,Good,True,India,གྲ་སྒྲིག,རྟོག་ཞིབ་ཚར་བ།,00:05:35
139.0,STT_NW0139,"གསར་འགྱུར་ཕྱོགས་བསྡུས། ༢༠༢༤ ཟླ་ ༢ ཚེས་༡༣ Headline News: Feb 13, 2024",https://youtu.be/ruzmLoFewNw?si=iPAr6PxQ_RJ2rovv,0:05:00,,VOA  Tibetan,Good,True,India,གྲ་སྒྲིག,རྟོག་ཞིབ་ཚར་བ།,00:05:00
140.0,STT_NW0140,"Kunleng News Oct 24, 2014 ཀུན་གླེང་གསར་འགྱུར། ༢༠༡༤ ཟླ་ ༡༠ཚེས་༢༤",https://youtu.be/9qclqB5EYj8?si=miAmtoJuNLjr1DJs,0:15:43,,VOA  Tibetan,Good,True,India,གྲ་སྒྲིག,རྟོག་ཞིབ་ཚར་བ།,00:15:42
141.0,STT_NW0141,"Analysis Aug 13, 2014 དཔྱད་ཞིབ། ༢༠༡༤ ཟླ་ ༨ ཚེས་༡༣",https://youtu.be/FEwqVctIfko?si=GD7ATIgBrjkD4YqV,0:11:54,,VOA  Tibetan,Good,True,India,གྲ་སྒྲིག,རྟོག་ཞིབ་ཚར་བ།,00:11:55
142.0,STT_NW0142,"Analysis Dec 3, 2014 དཔྱད་ཞིབ། ༢༠༡༤ ཟླ་ ༡༢ ཚེས་༣ བོད་ཀྱི་རིག་གཞུང་དང་རྒྱ་ནག",https://youtu.be/MvkawOSInHU?si=6r2cKgq1TtKZP_qa,0:08:05,,VOA  Tibetan,Good,True,India,གྲ་སྒྲིག,རྟོག་ཞིབ་ཚར་བ།,00:08:05
143.0,STT_NW0143,"Analysis Sep 10, 2014 དཔྱད་ཞིབ། ༢༠༡༤ ཟླ་ ༩ ཚེས་༡༠",https://youtu.be/82YH5YcYwRo?si=svjJzwkUAwWIDL4D,0:06:58,,VOA  Tibetan,Good,True,India,གྲ་སྒྲིག,རྟོག་ཞིབ་ཚར་བ།,00:06:59
144.0,STT_NW0144,Baba Phuntsok Wangyal's new book & Interview with TYC President,https://youtu.be/bZuWHVUv1uM?si=9ZadPCNzlzyYSMs_,0:59:29,,VOA  Tibetan,Good,True,India,གྲ་སྒྲིག,རྟོག་ཞིབ་ཚར་བ།,00:59:29
145.0,STT_NW0145,Special Interview with Tibetan Doctor Qusar Namgyal 04 03 2014,https://youtu.be/dgAbPxMnBQk?si=1wyv9G4PFowf73li,0:15:45,,VOA  Tibetan,Good,True,India,གྲ་སྒྲིག,རྟོག་ཞིབ་ཚར་བ།,00:15:45
146.0,STT_NW0146,མ་བུ་གཉིས་ཀར་འཕྲད་བཞིན་པའི་དཀའ་ངལ་དང་གདོང་ལེན། The Crucial Role of Maternity Leave,https://youtu.be/H9qX0Clb97s?si=-mHITp9n8XGGojEf,0:06:15,,VOA  Tibetan,Good,True,India,གྲ་སྒྲིག,རྟོག་ཞིབ་ཚར་བ།,00:06:16
147.0,STT_NW0147,Youth and Responsibility གཞོན་སྐྱེས་དང་འགན་འཁྲི།,https://youtu.be/E2GpjAzCoLc?si=SwyccoMNt_Gib6s5,0:33:26,,VOA  Tibetan,Good,True,India,གྲ་སྒྲིག,རྟོག་ཞིབ་ཚར་བ།,00:33:27
148.0,STT_NW0148,ཨ་རིའི་དམངས་གཙོ་ཚོགས་པའི་རྒྱས་འཛོམས་ཚོགས་ཆེན།,https://youtu.be/CbJ7mlwmp-g?si=66s5DL5IuHYFYl6h,0:24:32,,VOA  Tibetan,Good,True,India,གྲ་སྒྲིག,རྟོག་ཞིབ་ཚར་བ།,00:24:33
149.0,STT_NW0149,༢༠༡༦ལོའི་ཨ་རིའི་སྲིད་འཛིན་འོས་མིའི་བགྲོ་གླེང་མཐའ་མ།,https://youtu.be/NWGCpqOEaYM?si=sf9riDi1dW0n8n8g,0:15:31,,VOA  Tibetan,Good,True,India,གྲ་སྒྲིག,རྟོག་ཞིབ་ཚར་བ།,00:15:31
150.0,STT_NW0150,"YouTube Live Nov 15, 2017 ཐད་གཏོང་། ༢༠༡༧ཟླ་ ༡༡ཚེས་༡༥",https://www.youtube.com/live/NimQewP8wfw?si=o9WWdL4dhkIo2v_1,0:59:28,,VOA  Tibetan,Good,True,India,གྲ་སྒྲིག,རྟོག་ཞིབ་ཚར་བ།,00:59:28
151.0,STT_NW0151,ཨ་རི་དང་རྒྱ་ནག་གི་འབྲེལ་བ་དང་བོད་དོན།,https://youtu.be/1Y5gYjOhln0?si=oB8jIdin2DOQrJp_,0:36:32,,VOA  Tibetan,Good,True,India,གྲ་སྒྲིག,རྟོག་ཞིབ་ཚར་བ།,00:36:32
152.0,STT_NW0152,རྒྱ་ནག་གི་སྲིད་འཛིན་ཟུར་པ་ཅང་ཙེ་མཱིན་རང་ལོ་༩༦ ཐོག་འདས་གྲོངས།,https://youtu.be/-54ya1z7buA?si=2QdVr81tvAmh0C2T,0:02:21,,VOA  Tibetan,Good,True,India,གྲ་སྒྲིག,རྟོག་ཞིབ་ཚར་བ།,00:02:21
153.0,STT_NW0153,ཀུན་གླེང་གསར་འགྱུར། ༢༠༡༦ཟླ་ ༡༠ ཚེས་༧,https://youtu.be/LbdFfSToFEU?si=xp0nyx4aNrsfsr6B,0:17:23,,VOA  Tibetan,Good,True,India,གྲ་སྒྲིག,རྟོག་ཞིབ་མ་ཚར་བ།,00:17:24
154.0,STT_NW0154,ཀུན་གླེང་གསར་འགྱུར། ༢༠༡༦ཟླ་ ༡༢ ཚེས་༢,https://youtu.be/rNgNiC-Dir8?si=PFg0LDHwCR70lMd_,0:17:42,,VOA  Tibetan,Good,True,India,གྲ་སྒྲིག,རྟོག་ཞིབ་ཚར་བ།,00:17:43
155.0,STT_NW0155,kunleng News 4/22/2011 ཀུན་གླེང་གསར་འགྱུར།,https://youtu.be/DPrxp9Efp2w?si=x3vM72tTG0Ip1yVO,0:11:54,,VOA  Tibetan,Good,True,India,གྲ་སྒྲིག,རྟོག་ཞིབ་མ་ཚར་བ།,00:11:55
156.0,STT_NW0156,ཀུན་གླེང་གསར་འགྱུར། ༢༠༡༩ཟླ་ ༣ ཚེས་༡༥,https://youtu.be/QM-XVjYk6nY?si=L_KU2gNrdJkXB8R-,0:19:00,,VOA  Tibetan,Good,True,India,གྲ་སྒྲིག,རྟོག་ཞིབ་ཚར་བ།,00:19:01
157.0,STT_NW0157,རྒྱ་ནག་དམར་ཤོག་ཚོགས་པའི་དབང་ཤུགས་ལ་ཉེན་ཁ།,https://youtu.be/F-dcAwfhoP4?si=dsmVIFCs88jJz0gL,0:20:49,,VOA  Tibetan,Good,True,India,གྲ་སྒྲིག,རྟོག་ཞིབ་ཚར་བ།,00:20:50
158.0,STT_NW0158,ཨ་རིའི་བར་མའི་འོས་བསྡུའི་གྲུབ་འབྲས།,https://youtu.be/rNi_5F1SCVE?si=WBZocAWm5xrCQJGB,0:45:24,,VOA  Tibetan,Good,True,India,གྲ་སྒྲིག,རྟོག་ཞིབ་ཚར་བ།,00:45:24
159.0,STT_NW0159,Analysis: Sudan,https://youtu.be/nU9CMsxUVoc?si=IXggnFvJf-iHVYKk,0:07:55,,VOA  Tibetan,Good,True,India,གྲ་སྒྲིག,རྟོག་ཞིབ་མ་ཚར་བ།,00:07:56
160.0,STT_NW0160,ཀུན་གླེང་གསར་ཤོས།,https://www.youtube.com/live/xkHYzr2aOsE?si=aQE49yqTW8qkKL9l,0:59:51,,VOA  Tibetan,Good,True,India,གྲ་སྒྲིག,རྟོག་ཞིབ་ཚར་བ།,00:59:51
161.0,STT_NW0161,"Kunleng News Feb 9, 2018 ཀུན་གླེང་གསར་འགྱུར། ༢༠༡༨ཟླ་ ༢ ཚེས་༩",https://youtu.be/aj9j3MFxRZ8?si=9Uq556sCdsrdsrJW,0:15:14,,VOA  Tibetan,Good,True,India,གྲ་སྒྲིག,རྟོག་ཞིབ་ཚར་བ།,00:15:14
162.0,STT_NW0162,"Kunleng News Oct 5, 2018 ཀུན་གླེང་གསར་འགྱུར། ༢༠༡༨ཟླ་ ༡༠ ཚེས་༥",https://youtu.be/FFSBHhkCj7Y?si=p7wgjBsbyitorh7z,0:16:24,,VOA  Tibetan,Good,True,India,གྲ་སྒྲིག,རྟོག་ཞིབ་ཚར་བ།,00:16:24
163.0,STT_NW0163,"Kunleng News Feb 2, 2018 ཀུན་གླེང་གསར་འགྱུར། ༢༠༡༨ཟླ་ ༢ ཚེས་༢",https://youtu.be/oWPO_22SAco?si=91W9gsa5fjCLI0mD,0:18:33,,VOA  Tibetan,Good,True,India,གྲ་སྒྲིག,རྟོག་ཞིབ་ཚར་བ།,00:18:33
164.0,STT_NW0164,"VOA Tibetan TV News April 20, 2018 Kunleng News ཀུན་གླེང་གསར་འགྱུར། ༢༠༡༨ཟླ་ ༤ ཚེས་༢༠",https://youtu.be/SyRrtt6eN10?si=Ophf2CTw3Koh5980,0:20:49,,VOA  Tibetan,Good,True,India,གྲ་སྒྲིག,རྟོག་ཞིབ་ཚར་བ།,00:20:49
165.0,STT_NW0165,"Kunleng News Nov 29, 2019 ཀུན་གླེང་གསར་འགྱུར། ༢༠༡༩ཟླ་ ༡༡ ཚེས་༢༩",https://youtu.be/kkW0h0F-9CA?si=SI9I8q1pdKfR5rMy,0:22:29,,VOA  Tibetan,Good,True,India,གྲ་སྒྲིག,རྟོག་ཞིབ་ཚར་བ།,00:22:29
166.0,STT_NW0166,"Kunleng News Nov 6, 2020 ཀུན་གླེང་གསར་འགྱུར། ༢༠༢༠ ཟླ་ ༡༡ ཚེས་༦",https://youtu.be/gtHqHnwvCgs?si=YjNcOgAEd8GNboah,0:15:37,,VOA  Tibetan,Good,True,India,གྲ་སྒྲིག,རྟོག་ཞིབ་ཚར་བ།,00:15:37
167.0,STT_NW0167,"Kunleng News Nov 27, 2020 ཀུན་གླེང་གསར་འགྱུར། ༢༠༢༠ ཟླ་ ༡༡ ཚེས་༢༧",https://youtu.be/sD07QFCjTRs?si=GpHnw5RY--k-jI6M,0:16:25,,VOA  Tibetan,Good,True,India,གྲ་སྒྲིག,རྟོག་ཞིབ་ཚར་བ།,00:16:26
168.0,STT_NW0168,"Kunleng News Nov 20, 2020 ཀུན་གླེང་གསར་འགྱུར། ༢༠༢༠ ཟླ་ ༡༡ ཚེས་༢༠",https://youtu.be/TilGvsJ6yMo?si=oTtFl2Zj3hOM9Bka,0:21:43,,VOA  Tibetan,Good,True,India,གྲ་སྒྲིག,རྟོག་ཞིབ་ཚར་བ།,00:21:43
169.0,STT_NW0169,"Headline News: Jul 25, 2023 གསར་འགྱུར་ཕྱོགས་བསྡུས། ༢༠༢༣ ཟླ་ ༧ ཚེས་༢༥",https://youtu.be/10DY4_Cz0Sk?si=-DH2qFRZYRwFJf-U,0:05:00,,VOA  Tibetan,Good,True,India,གྲ་སྒྲིག,རྟོག་ཞིབ་ཚར་བ།,00:05:00
170.0,STT_NW0170,"Headline News July 20, 2023",https://youtu.be/nd6I6Mnvruo?si=jOggI3Lx5pj1xlTT,0:05:00,,VOA  Tibetan,Good,True,India,གྲ་སྒྲིག,རྟོག་ཞིབ་ཚར་བ།,00:05:00
171.0,STT_NW0171,"Kunleng News Sep 13, 2019 ཀུན་གླེང་གསར་འགྱུར། ༢༠༡༩ཟླ་ ༩ ཚེས་༡༣",https://youtu.be/wRt2PQMbeBs?si=8HO7jREhc00IgaM_,0:20:56,,VOA  Tibetan,Good,True,India,གྲ་སྒྲིག,རྟོག་ཞིབ་ཚར་བ།,00:20:56
172.0,STT_NW0172,"Kunleng News Aug 28, 2019 ཀུན་གླེང་གསར་འགྱུར། ༢༠༡༩ཟླ་ ༨ ཚེས་༢༨",https://youtu.be/fUC_fNFnZ8E?si=fYFS3smKm_A_nC6g,0:10:13,,VOA  Tibetan,Good,True,India,གྲ་སྒྲིག,རྟོག་ཞིབ་ཚར་བ།,00:18:14
173.0,STT_NW0173,"Kunleng News Nov 08, 2019 ཀུན་གླེང་གསར་འགྱུར། ༢༠༡༩ཟླ་ ༡༡ ཚེས་༨",https://youtu.be/eWawSkrEKnE?si=gPV9c7CmBY-O_va0,0:16:31,,VOA  Tibetan,Good,True,India,གྲ་སྒྲིག,རྟོག་ཞིབ་ཚར་བ།,00:16:31
174.0,STT_NW0174,"Kunleng News Oct 9, 2020 ཀུན་གླེང་གསར་འགྱུར། ༢༠༢༠ ཟླ་ ༡༠་ཚེས་༩",https://youtu.be/GbY0MuJMUnE?si=nIg7ml9HENtwpxqZ,0:16:54,,VOA  Tibetan,Good,True,India,གྲ་སྒྲིག,རྟོག་ཞིབ་ཚར་བ།,00:16:58
175.0,STT_NW0175,"Kunleng News May 01, 2020 ཀུན་གླེང་གསར་འགྱུར། ༢༠༢༠ ཟླ་ ༥ ཚེས་༡",https://youtu.be/AWJdxhfsFYs?si=EDSuhTKRmc6X3Yka,0:17:43,,VOA  Tibetan,Good,True,India,གྲ་སྒྲིག,རྟོག་ཞིབ་ཚར་བ།,00:17:43
176.0,STT_NW0176,"Kunleng News May 21, 2021",https://youtu.be/L7t5pAXvw_M?si=qthcCQI-LNFzzg4t,0:19:34,,VOA  Tibetan,Good,True,India,གྲ་སྒྲིག,རྟོག་ཞིབ་ཚར་བ།,00:19:34
177.0,STT_NW0177,Tibetan Kunleng News 1 1 2021,https://youtu.be/i_NTc0PeNuM?si=CCaLo26uVKBuYzOi,0:19:51,,VOA  Tibetan,Good,True,India,གྲ་སྒྲིག,རྟོག་ཞིབ་ཚར་བ།,00:19:51
178.0,STT_NW0178,"Kunleng News January 22, 2021 ཀུན་གླེང་གསར་འགྱུར། ༢༠༢༡ ཟླ་༡ ཚེས་༢༢",https://youtu.be/In-6sNzPlUA?si=W3XolNOWUGMxGRcs,0:22:29,,VOA  Tibetan,Good,True,India,གྲ་སྒྲིག,རྟོག་ཞིབ་ཚར་བ།,00:22:29
179.0,STT_NW0179,"Kunleng: US Capitol Secure, Lawmakers Validate Biden Election",https://youtu.be/HjGtctRYQqU?si=RKV1OMFyafxmPonV,0:34:49,,VOA  Tibetan,Good,True,India,གྲ་སྒྲིག,རྟོག་ཞིབ་ཚར་བ།,00:34:50
180.0,STT_NW0180,"Kunleng News January 1, 2021 ཀུན་གླེང་གསར་འགྱུར། ༢༠༢༡ ཟླ་༡ ཚེས་༡",https://youtu.be/OGXWTYGbP0E?si=7cL8NRye6xR2gSSx,0:18:45,,VOA  Tibetan,Good,True,India,གྲ་སྒྲིག,རྟོག་ཞིབ་ཚར་བ།,00:18:45
181.0,STT_NW0181,དཔལ་འབྱོར་ཉམས་ཆག་ཁྲོད་ཀྱི་རྒྱ་ནག་གི་ཚོགས་ཆེན་གཉིས། What to expect at China’s ‘Two Sessions’.,https://youtu.be/NiMIL3rbnP8?si=1FKtiemhE7EbWSF9,0:21:35,,VOA  Tibetan,Good,True,India,གྲ་སྒྲིག,རྟོག་ཞིབ་ཚར་བ།,00:21:36
182.0,STT_NW0182,"Kunleng News January 15, 2021 ཀུན་གླེང་གསར་འགྱུར། ༢༠༢༡ ཟླ་༡ ཚེས་༡༥",https://youtu.be/Ctijs9MFdg8?si=WKW7oaHFnXfhMrZ5,0:18:55,,VOA  Tibetan,Good,True,India,གྲ་སྒྲིག,རྟོག་ཞིབ་ཚར་བ།,00:18:56
183.0,STT_NW0183,"Kunleng News Jan 23, 2015 ཀུན་གླེང་གསར་འགྱུར། ༢༠༡༥ ཟླ་ ༡ ཚེས་༢༣",https://youtu.be/pnXE6F77KhQ?si=nZ5Bh71VTmVoqq7B,0:12:50,,VOA  Tibetan,Good,True,India,གྲ་སྒྲིག,རྟོག་ཞིབ་ཚར་བ།,00:12:51
184.0,STT_NW0184,"Kunleng News Jan 19, 2022 ཀུན་གླེང་གསར་འགྱུར། ༢༠༢༢ ལོའི་ཟླ་༡ ཚེས་༡༩",https://youtu.be/hOX6_PdR8sI?si=qWtpQLaklO4pjh6N,0:18:35,,VOA  Tibetan,Good,True,India,གྲ་སྒྲིག,རྟོག་ཞིབ་མ་ཚར་བ།,00:18:36
185.0,STT_NW0185,"Kunleng News Jan 17, 2020 ཀུན་གླེང་གསར་འགྱུར། ༢༠༢༠ ཟླ་ ༡ ཚེས་༡༧",https://youtu.be/drEo3uHraTU?si=_OuGdrLHsIDPxihD,0:14:15,,VOA  Tibetan,Good,True,India,གྲ་སྒྲིག,རྟོག་ཞིབ་མ་ཚར་བ།,00:14:15
186.0,STT_NW0186,"Kunleng News May 28, 2021",https://youtu.be/IoQLrMZGFno?si=cNcSjcR6Ognb7W3c,0:18:05,,VOA  Tibetan,Good,True,India,གྲ་སྒྲིག,རྟོག་ཞིབ་མ་ཚར་བ།,00:18:06
187.0,STT_NW0187,"Kunleng News May 22, 2020 ཀུན་གླེང་གསར་འགྱུར། ༢༠༢༠ ཟླ་ ༥ ཚེས་༢༢",https://youtu.be/pNdF_KdXYRs?si=zF9ueN4GaeNNvzoc,0:15:46,,VOA  Tibetan,Good,True,India,གྲ་སྒྲིག,རྟོག་ཞིབ་མ་ཚར་བ།,00:15:46
188.0,STT_NW0188,"Kunleng News May 29, 2020 ཀུན་གླེང་གསར་འགྱུར། ༢༠༢༠ ཟླ་ ༥ ཚེས་༢༩",https://youtu.be/_OhNr1uM3u8?si=Xsw13SlpFluZogHt,0:19:44,,VOA  Tibetan,Good,True,India,གྲ་སྒྲིག,རྟོག་ཞིབ་མ་ཚར་བ།,00:19:44
189.0,STT_NW0189,"Kunleng News May 6, 2022",https://youtu.be/UZPePogUd_E?si=I1euKyGtEuPyhchH,0:19:38,,VOA  Tibetan,Good,True,India,གྲ་སྒྲིག,རྟོག་ཞིབ་ཚར་བ།,00:19:38
190.0,STT_NW0190,"Kunleng News May 14, 2021",https://youtu.be/mQfm650gafU?si=64VBckZ7ETldnpBy,0:15:58,,VOA  Tibetan,Good,True,India,གྲ་སྒྲིག,རྟོག་ཞིབ་ཚར་བ།,00:15:58
191.0,STT_NW0191,"Kunleng News April 30, 2021",https://youtu.be/b1HHwrH4UPE?si=ERyEnFkRAS3LhKBT,0:18:39,,VOA  Tibetan,Good,True,India,གྲ་སྒྲིག,རྟོག་ཞིབ་མ་ཚར་བ།,00:18:40
192.0,STT_NW0192,"Kunleng News April 9, 2021 ཀུན་གླེང་གསར་འགྱུར། ༢༠༢༡ ཟླ་༤ ཚེས་ ༩",https://youtu.be/YnZ2i6DMrrs?si=Md17rmUXntMd_mfG,0:14:06,,VOA  Tibetan,Good,True,India,གྲ་སྒྲིག,རྟོག་ཞིབ་ཚར་བ།,00:14:07
193.0,STT_NW0193,"Kunleng News April 11, 2018 ཀུན་གླེང་གསར་འགྱུར། ༢༠༡༨ཟླ་ ༤ ཚེས་༡༡",https://youtu.be/BQZxzDbCpGc?si=rxz_uFlU02OHTdWY,0:16:40,,VOA  Tibetan,Good,True,India,གྲ་སྒྲིག,རྟོག་ཞིབ་ཚར་བ།,00:16:41
194.0,STT_NW0194,Kunleng News 29 April 2011,https://youtu.be/Uf3OgMk-CrY?si=IMf6mEJYtpB1OOov,0:15:01,,VOA  Tibetan,Good,True,India,གྲ་སྒྲིག,རྟོག་ཞིབ་ཚར་བ།,00:15:01
195.0,STT_NW0195,"Kunleng News April 19, 2019 ཀུན་གླེང་གསར་འགྱུར། ༢༠༡༩ཟླ་ ༤ ཚེས་༡༩",https://youtu.be/Ulfy6Q8JChc?si=hRCqKg_IK35MvNCa,0:18:20,,VOA  Tibetan,Good,True,India,གྲ་སྒྲིག,རྟོག་ཞིབ་མ་ཚར་བ།,00:18:20
196.0,STT_NW0196,"Kunleng News April 2, 2021 ཀུན་གླེང་གསར་འགྱུར། ༢༠༢༡ ཟླ་ ༤ ཚེས་ ༢",https://youtu.be/mDvS-ZLTukU?si=h_RfZKeCctquyXEa,0:14:35,,VOA  Tibetan,Good,True,India,གྲ་སྒྲིག,རྟོག་ཞིབ་མ་ཚར་བ།,00:14:36
197.0,STT_NW0197,"Kunleng News April 3, 2015 ཀུན་གླེང་གསར་འགྱུར། ༢༠༡༥ ཟླ་ ༤ ཚེས་༣",https://youtu.be/tZqpi1yzZBA?si=PAwq9ayfTHBnaToq,0:14:36,,VOA  Tibetan,Good,True,India,གྲ་སྒྲིག,རྟོག་ཞིབ་མ་ཚར་བ།,00:14:37
198.0,STT_NW0198,Kunleng News,https://youtu.be/ugIyrfk6j_s?si=Zbn-TcDY16LOpS6z,0:12:16,,VOA  Tibetan,Good,True,India,གྲ་སྒྲིག,རྟོག་ཞིབ་མ་ཚར་བ།,00:12:17
199.0,STT_NW0199,Kunleng News 03_30_11,https://youtu.be/sWFiYmukGDw?si=5jMX8Yq18Wa3E4gA,0:11:34,,VOA  Tibetan,Good,False,India,གྲ་སྒྲིག,རྟོག་ཞིབ་ཚར་བ།,00:11:35
200.0,STT_NW0200,Analysis,https://youtu.be/eUUcd3KGHqg?si=nDbXePlghBg5fQaw,0:07:57,,VOA  Tibetan,Good,False,India,གྲ་སྒྲིག,རྟོག་ཞིབ་མ་ཚར་བ།,00:07:58
,,,,,,,,False,India,གྲ་སྒྲིག་མེད།,རྟོག་ཞིབ་མ་ཚར་བ།,
,,,,,,,,False,India,གྲ་སྒྲིག་མེད།,རྟོག་ཞིབ་མ་ཚར་བ།,
,,,,,,,,False,India,གྲ་སྒྲིག་མེད།,རྟོག་ཞིབ་མ་ཚར་བ།,
,,,,,,,,False,India,གྲ་སྒྲིག་མེད།,རྟོག་ཞིབ་མ་ཚར་བ།,
,,,,,,,,False,India,གྲ་སྒྲིག་མེད།,རྟོག་ཞིབ་མ་ཚར་བ།,
,,,,,,,,False,India,གྲ་སྒྲིག་མེད།,རྟོག་ཞིབ་མ་ཚར་བ།,
,,,,,,,,False,India,གྲ་སྒྲིག་མེད།,རྟོག་ཞིབ་མ་ཚར་བ།,
,,,,,,,,False,India,གྲ་སྒྲིག་མེད།,རྟོག་ཞིབ་མ་ཚར་བ།,
,,,,,,,,False,India,གྲ་སྒྲིག་མེད།,རྟོག་ཞིབ་མ་ཚར་བ།,
,,,,,,,,False,India,གྲ་སྒྲིག་མེད།,རྟོག་ཞིབ་མ་ཚར་བ།,
,,,,,,,,False,India,གྲ་སྒྲིག་མེད།,རྟོག་ཞིབ་མ་ཚར་བ།,
,,,,,,,,False,India,གྲ་སྒྲིག་མེད།,རྟོག་ཞིབ་མ་ཚར་བ།,
,,,,,,,,False,India,གྲ་སྒྲིག་མེད།,རྟོག་ཞིབ་མ་ཚར་བ།,
,,,,,,,,False,India,གྲ་སྒྲིག་མེད།,རྟོག་ཞིབ་མ་ཚར་བ།,
,,,,,,,,False,India,གྲ་སྒྲིག་མེད།,རྟོག་ཞིབ་མ་ཚར་བ།,
,,,,,,,,False,India,གྲ་སྒྲིག་མེད།,རྟོག་ཞིབ་མ་ཚར་བ།,
,,,,,,,,False,India,གྲ་སྒྲིག་མེད།,རྟོག་ཞིབ་མ་ཚར་བ།,
,,,,,,,,False,India,གྲ་སྒྲིག་མེད།,རྟོག་ཞིབ་མ་ཚར་བ།,
,,,,,,,,False,India,གྲ་སྒྲིག་མེད།,རྟོག་ཞིབ་མ་ཚར་བ།,
,,,,,,,,False,India,གྲ་སྒྲིག་མེད།,རྟོག་ཞིབ་མ་ཚར་བ།,
,,,,,,,,False,India,གྲ་སྒྲིག་མེད།,རྟོག་ཞིབ་མ་ཚར་བ།,
,,,,,,,,False,India,གྲ་སྒྲིག་མེད།,རྟོག་ཞིབ་མ་ཚར་བ།,
,,,,,,,,False,India,གྲ་སྒྲིག་མེད།,རྟོག་ཞིབ་མ་ཚར་བ།,
,,,,,,,,False,India,གྲ་སྒྲིག་མེད།,རྟོག་ཞིབ་མ་ཚར་བ།,
,,,,,,,,False,India,གྲ་སྒྲིག་མེད།,རྟོག་ཞིབ་མ་ཚར་བ།,
,,,,,,,,False,India,གྲ་སྒྲིག་མེད།,རྟོག་ཞིབ་མ་ཚར་བ།,
,,,,,,,,False,India,གྲ་སྒྲིག་མེད།,རྟོག་ཞིབ་མ་ཚར་བ།,
,,,,,,,,False,India,གྲ་སྒྲིག་མེད།,རྟོག་ཞིབ་མ་ཚར་བ།,
,,,,,,,,False,India,གྲ་སྒྲིག་མེད།,རྟོག་ཞིབ་མ་ཚར་བ།,
,,,,,,,,False,India,གྲ་སྒྲིག་མེད།,རྟོག་ཞིབ་མ་ཚར་བ།,
,,,,,,,,False,India,གྲ་སྒྲིག་མེད།,རྟོག་ཞིབ་མ་ཚར་བ།,
,,,,,,,,False,India,གྲ་སྒྲིག་མེད།,རྟོག་ཞིབ་མ་ཚར་བ།,
,,,,,,,,False,India,གྲ་སྒྲིག་མེད།,རྟོག་ཞིབ་མ་ཚར་བ།,
,,,,,,,,False,India,གྲ་སྒྲིག་མེད།,རྟོག་ཞིབ་མ་ཚར་བ།,
,,,,,,,,False,India,གྲ་སྒྲིག་མེད།,རྟོག་ཞིབ་མ་ཚར་བ།,
,,,,,,,,False,India,གྲ་སྒྲིག་མེད།,རྟོག་ཞིབ་མ་ཚར་བ།,
,,,,,,,,False,India,གྲ་སྒྲིག་མེད།,རྟོག་ཞིབ་མ་ཚར་བ།,
,,,,,,,,False,India,གྲ་སྒྲིག་མེད།,རྟོག་ཞིབ་མ་ཚར་བ།,
,,,,,,,,False,India,གྲ་སྒྲིག་མེད།,རྟོག་ཞིབ་མ་ཚར་བ།,
,,,,,,,,False,India,གྲ་སྒྲིག་མེད།,རྟོག་ཞིབ་མ་ཚར་བ།,
,,,,,,,,False,India,གྲ་སྒྲིག་མེད།,རྟོག་ཞིབ་མ་ཚར་བ།,
,,,,,,,,False,India,གྲ་སྒྲིག་མེད།,རྟོག་ཞིབ་མ་ཚར་བ།,
,,,,,,,,,India,གྲ་སྒྲིག་མེད།,རྟོག་ཞིབ་མ་ཚར་བ།,
,,,,,,,,,India,གྲ་སྒྲིག་མེད།,,
,,,,,,,,,India,གྲ་སྒྲིག་མེད།,,
,,,,,,,,,India,གྲ་སྒྲིག་མེད།,,
,,,,,,,,,India,གྲ་སྒྲིག་མེད།,,
,,,,,,,,,India,གྲ་སྒྲིག་མེད།,,
,,,,,,,,,India,གྲ་སྒྲིག་མེད།,,
,,,,,,,,,India,གྲ་སྒྲིག་མེད།,,
,,,,,,,,,India,གྲ་སྒྲིག་མེད།,,
,,,,,,,,,India,གྲ་སྒྲིག་མེད།,,
,,,,,,,,,India,གྲ་སྒྲིག་མེད།,,
,,,,,,,,,India,གྲ་སྒྲིག་མེད།,,
,,,,,,,,,India,གྲ་སྒྲིག་མེད།,,
,,,,,,,,,India,གྲ་སྒྲིག་མེད།,,
,,,,,,,,,India,གྲ་སྒྲིག་མེད།,,
,,,,,,,,,India,གྲ་སྒྲིག་མེད།,,
,,,,,,,,,India,གྲ་སྒྲིག་མེད།,,
,,,,,,,,,India,གྲ་སྒྲིག་མེད།,,
,,,,,,,,,India,གྲ་སྒྲིག་མེད།,,
,,,,,,,,,India,གྲ་སྒྲིག་མེད།,,
,,,,,,,,,India,གྲ་སྒྲིག་མེད།,,
,,,,,,,,,India,གྲ་སྒྲིག་མེད།,,
,,,,,,,,,India,གྲ་སྒྲིག་མེད།,,
,,,,,,,,,India,གྲ་སྒྲིག་མེད།,,
,,,,,,,,,India,གྲ་སྒྲིག་མེད།,,
,,,,,,,,,India,གྲ་སྒྲིག་མེད།,,
,,,,,,,,,India,གྲ་སྒྲིག་མེད།,,
,,,,,,,,,India,གྲ་སྒྲིག་མེད།,,
,,,,,,,,,India,གྲ་སྒྲིག་མེད།,,
,,,,,,,,,India,གྲ་སྒྲིག་མེད།,,
,,,,,,,,,India,གྲ་སྒྲིག་མེད།,,
,,,,,,,,,India,གྲ་སྒྲིག་མེད།,,
,,,,,,,,,India,གྲ་སྒྲིག་མེད།,,
,,,,,,,,,India,གྲ་སྒྲིག་མེད།,,
,,,,,,,,,India,གྲ་སྒྲིག་མེད།,,
,,,,,,,,,India,གྲ་སྒྲིག་མེད།,,
,,,,,,,,,India,གྲ་སྒྲིག་མེད།,,
,,,,,,,,,India,གྲ་སྒྲིག་མེད།,,
,,,,,,,,,India,གྲ་སྒྲིག་མེད།,,
,,,,,,,,,India,གྲ་སྒྲིག་མེད།,,
,,,,,,,,,India,གྲ་སྒྲིག་མེད།,,
,,,,,,,,,India,གྲ་སྒྲིག་མེད།,,
,,,,,,,,,India,གྲ་སྒྲིག་མེད།,,
,,,,,,,,,India,གྲ་སྒྲིག་མེད།,,
,,,,,,,,,India,གྲ་སྒྲིག་མེད།,,
,,,,,,,,,India,གྲ་སྒྲིག་མེད།,,
,,,,,,,,,India,གྲ་སྒྲིག་མེད།,,
,,,,,,,,,India,གྲ་སྒྲིག་མེད།,,
,,,,,,,,,India,གྲ་སྒྲིག་མེད།,,
,,,,,,,,,India,གྲ་སྒྲིག་མེད།,,
,,,,,,,,,India,གྲ་སྒྲིག་མེད།,,
,,,,,,,,,India,གྲ་སྒྲིག་མེད།,,
,,,,,,,,,India,གྲ་སྒྲིག་མེད།,,
,,,,,,,,,India,གྲ་སྒྲིག་མེད།,,
,,,,,,,,,India,གྲ་སྒྲིག་མེད།,,
,,,,,,,,,India,གྲ་སྒྲིག་མེད།,,
,,,,,,,,,India,གྲ་སྒྲིག་མེད།,,
,,,,,,,,,India,གྲ་སྒྲིག་མེད།,,
,,,,,,,,,India,གྲ་སྒྲིག་མེད།,,
,,,,,,,,,India,གྲ་སྒྲིག་མེད།,,
,,,,,,,,,India,གྲ་སྒྲིག་མེད།,,
,,,,,,,,,India,གྲ་སྒྲིག་མེད།,,
,,,,,,,,,India,གྲ་སྒྲིག་མེད།,,
,,,,,,,,,India,གྲ་སྒྲིག་མེད།,,
,,,,,,,,,India,གྲ་སྒྲིག་མེད།,,
,,,,,,,,,India,གྲ་སྒྲིག་མེད།,,
,,,,,,,,,India,གྲ་སྒྲིག་མེད།,,
,,,,,,,,,India,གྲ་སྒྲིག་མེད།,,
,,,,,,,,,India,གྲ་སྒྲིག་མེད།,,
,,,,,,,,,India,གྲ་སྒྲིག་མེད།,,
,,,,,,,,,India,གྲ་སྒྲིག་མེད།,,
,,,,,,,,,India,གྲ་སྒྲིག་མེད།,,
,,,,,,,,,India,གྲ་སྒྲིག་མེད།,,
,,,,,,,,,India,གྲ་སྒྲིག་མེད།,,
,,,,,,,,,India,གྲ་སྒྲིག་མེད།,,
,,,,,,,,,India,གྲ་སྒྲིག་མེད།,,
,,,,,,,,,India,གྲ་སྒྲིག་མེད།,,
,,,,,,,,,India,གྲ་སྒྲིག་མེད།,,
,,,,,,,,,India,གྲ་སྒྲིག་མེད།,,
,,,,,,,,,India,གྲ་སྒྲིག་མེད།,,
,,,,,,,,,India,གྲ་སྒྲིག་མེད།,,
,,,,,,,,,India,གྲ་སྒྲིག་མེད།,,
,,,,,,,,,India,གྲ་སྒྲིག་མེད།,,
,,,,,,,,,India,གྲ་སྒྲིག་མེད།,,
,,,,,,,,,India,གྲ་སྒྲིག་མེད།,,
,,,,,,,,,India,གྲ་སྒྲིག་མེད།,,
,,,,,,,,,India,གྲ་སྒྲིག་མེད།,,
,,,,,,,,,India,གྲ་སྒྲིག་མེད།,,
,,,,,,,,,India,གྲ་སྒྲིག་མེད།,,
,,,,,,,,,India,གྲ་སྒྲིག་མེད།,,
,,,,,,,,,India,གྲ་སྒྲིག་མེད།,,
,,,,,,,,,India,གྲ་སྒྲིག་མེད།,,
,,,,,,,,,India,གྲ་སྒྲིག་མེད།,,
,,,,,,,,,India,གྲ་སྒྲིག་མེད།,,
,,,,,,,,,India,གྲ་སྒྲིག་མེད།,,
,,,,,,,,,India,གྲ་སྒྲིག་མེད།,,
,,,,,,,,,India,གྲ་སྒྲིག་མེད།,,
,,,,,,,,,India,གྲ་སྒྲིག་མེད།,,
,,,,,,,,,India,གྲ་སྒྲིག་མེད།,,
,,,,,,,,,India,གྲ་སྒྲིག་མེད།,,
,,,,,,,,,India,གྲ་སྒྲིག་མེད།,,
,,,,,,,,,India,གྲ་སྒྲིག་མེད།,,
,,,,,,,,,India,གྲ་སྒྲིག་མེད།,,
,,,,,,,,,India,གྲ་སྒྲིག་མེད།,,
,,,,,,,,,India,གྲ་སྒྲིག་མེད།,,
,,,,,,,,,India,གྲ་སྒྲིག་མེད།,,
,,,,,,,,,India,གྲ་སྒྲིག་མེད།,,
,,,,,,,,,India,གྲ་སྒྲིག་མེད།,,
,,,,,,,,,India,གྲ་སྒྲིག་མེད།,,
,,,,,,,,,India,གྲ་སྒྲིག་མེད།,,
,,,,,,,,,India,གྲ་སྒྲིག་མེད།,,
,,,,,,,,,India,གྲ་སྒྲིག་མེད།,,
,,,,,,,,,India,གྲ་སྒྲིག་མེད།,,
,,,,,,,,,India,གྲ་སྒྲིག་མེད།,,
,,,,,,,,,India,གྲ་སྒྲིག་མེད།,,
,,,,,,,,,India,གྲ་སྒྲིག་མེད།,,
,,,,,,,,,India,གྲ་སྒྲིག་མེད།,,
,,,,,,,,,India,གྲ་སྒྲིག་མེད།,,
,,,,,,,,,India,གྲ་སྒྲིག་མེད།,,
,,,,,,,,,India,གྲ་སྒྲིག་མེད།,,
