no,ID,Name of podcast,YouTube link,Publishing year,Channel,Auidio Quality,Country,Gender,Age Group,uploaded,standard duration
1,STT_PC0001,Episode-13 | Language Guru,https://youtu.be/ZLxJxJ3pki8,2022.0,Bhuchung Kata,Good,India,Male,30-40,True,00:33:53
2,STT_PC0002,Dr. Thupten Jinpa | Scholar | Principal English Translator to H.H the 14th Dalai Lama,https://youtu.be/HHZ6NyeBvV0?si=olp5eqEAx--RWX3H,2024.0,Bhuchung Kata,Good,India,Male,60-70,True,01:39:44
3,STT_PC0003,Geshe Lhakdor la: Library Tour and Personal Journey,https://youtu.be/7dhuhRGAOyg?si=mej3Tz6bGsuCEANI,2023.0,Bhuchung Kata,Good,India,Male,60-70,True,01:12:46
4,STT_PC0004,Ama Metok Yangchen |Mompreneur | Community Worker,https://youtu.be/hfE5Mvrb5mI?si=ijJMyErbcktmPhoT,2023.0,Bhuchung Kata,Good,India,Female,60-70,True,00:59:04
5,STT_PC0005,Sikyong Penpa Tsering,https://youtu.be/h0S_1bXgFVE?si=-540QLt8TCCh5fj3,2022.0,Bhuchung Kata,Good,India,Male,50-60,True,00:35:43
6,STT_PC0006,‡Ωñ‡Ω¢‡æô‡Ωì‡ºã‡Ω†‡Ωë‡Ω≤‡ºã‡Ωñ‡Ωü‡Ωº‡ºã‡Ωë‡ΩÇ‡Ωº‡Ω¶‡ºã‡Ωî‡Ω†‡Ω≤‡ºã‡Ω¢‡æí‡æ±‡Ωñ‡ºã‡Ω£‡æó‡Ωº‡ΩÑ‡Ω¶‡ºã‡Ωë‡ΩÑ‡ºã‡ºç ‡Ωñ‡Ωº‡Ωë‡ºã‡Ωì‡ΩÑ‡ºã‡ΩÇ‡Ω≤‡ºã‡Ω¢‡Ω≤‡ΩÇ‡ºã‡ΩÇ‡Ωì‡Ω¶‡ºã‡ΩÇ‡Ω¶‡Ω¢‡ºã‡Ω¢‡æó‡Ω∫‡Ω†‡Ω≤‡ºç ‡Ω†‡Ωë‡Ωº‡Ωì‡ºã‡Ωê‡Ω∫‡ΩÑ‡Ω¶‡ºã (‡º°),https://youtu.be/fXMhvlJZL-0?si=AGCSXop42bBgWmlU,2020.0,Kunga tashi,Good,India,Male,60-70,True,00:19:32
7,STT_PC0007,‡Ω¢‡æí‡æ±‡ºã‡Ωì‡ΩÇ‡ºã‡ΩÇ‡Ω≤‡ºã‡Ωñ‡æ≥‡Ωº‡Ωì‡ºã‡ΩÜ‡Ω∫‡Ωì‡ºã‡ΩÇ‡Ωû‡Ωº‡Ωì‡ºã‡Ωî‡Ω¢‡ºã‡Ω†‡Ωë‡æ≤‡Ω≤‡ºã‡Ωû‡Ω≤‡Ωñ‡ºã‡Ωë‡ΩÑ‡ºã‡ºç ‡Ωû‡Ω≤‡ºã‡ΩÖ‡Ω≤‡Ωì‡ºã‡Ωï‡Ω≤‡ΩÑ‡ºã‡Ω£‡ºã‡Ω†‡Ωï‡æ≤‡Ωë‡ºã‡Ωî‡Ω†‡Ω≤‡ºã‡Ωë‡ΩÄ‡Ω†‡ºã‡ΩÑ‡Ω£‡ºç ‡Ω†‡Ωë‡Ωº‡Ωì‡ºã‡Ωê‡Ω∫‡ΩÑ‡Ω¶‡ºã (‡º¢),https://youtu.be/uaaThvpMOyM?si=6Xz92CAHGqxgVhy5,2020.0,Kunga tashi,Good,US,Male,60-70,True,00:16:10
8,STT_PC0008,‡Ωî‡Ωé‡ºã‡ΩÜ‡Ω∫‡Ωì‡ºã‡Ωë‡ΩÇ‡Ω∫‡ºã‡Ω†‡Ωë‡Ω¥‡Ωì‡ºã‡ΩÜ‡Ωº‡Ω¶‡ºã‡ΩÄ‡æ±‡Ω≤‡ºã‡Ωâ‡Ω≤‡ºã‡Ωò‡ºã‡Ωò‡ΩÜ‡Ωº‡ΩÇ‡ºã‡ΩÇ‡ΩÑ‡ºã‡Ωë‡Ω¥‡ºã‡Ωñ‡Ωû‡Ω¥‡Ωå‡ºã‡Ω°‡Ωº‡Ωë‡ºã‡Ωë‡Ωò‡ºç ‡Ω†‡Ωë‡Ωº‡Ωì‡ºã‡Ωê‡Ω∫‡ΩÑ‡Ω¶‡ºã (‡º£),https://youtu.be/qyDy9sL-YtI?si=C-G-gXl_x3mT0QcO,2020.0,Kunga tashi,Good,US,Male,60-70,True,00:15:00
9,STT_PC0009,‡Ωñ‡æ≥‡Ωº‡Ωì‡ºã‡ΩÜ‡Ω∫‡Ωì‡ºã Fu Zhenghua ‡Ω°‡Ω≤‡ºã‡ΩÜ‡Ωñ‡ºã‡Ω¶‡æ≤‡Ω≤‡Ωë‡ºã‡ΩÄ‡æ±‡Ω≤‡ºã‡Ωò‡Ω≤‡ºã‡Ωö‡Ω∫‡ºã‡Ωò‡Ωá‡Ω¥‡ΩÇ‡ºã‡Ω¶‡æí‡æ≤‡Ω≤‡Ω£‡ºã‡Ωñ‡ºç ‡Ω†‡Ωë‡Ωº‡Ωì‡ºã‡Ωê‡Ω∫‡ΩÑ‡Ω¶‡ºã (‡º§),https://youtu.be/RAA_TUle-gY?si=Wiy_t61AwveYgQ6W,2020.0,Kunga tashi,Good,US,Male,60-70,True,00:11:39
10,STT_PC0010,P4 ‡Ωñ‡Ω¢‡æü‡ΩÇ‡ºã‡Ωë‡Ωî‡æ±‡Ωë‡ºã‡ΩÅ‡ΩÑ‡ºã‡ΩÇ‡Ω≤‡ºã‡Ωû‡Ω≤‡Ωñ‡ºã‡Ω†‡Ωá‡Ω¥‡ΩÇ‡ºã‡Ωî‡ºã‡Ωñ‡æ≤‡Ωº‡Ω¶‡ºã‡Ωö‡Ω¥‡Ω£‡ºã‡Ωñ‡Ω§‡Ωë‡ºã‡Ωî‡ºã‡Ωñ‡Ωë‡Ω∫‡Ωì‡ºã‡Ωì‡Ωò‡ºç ‡Ω†‡Ωë‡Ωº‡Ωì‡ºã‡Ωê‡Ω∫‡ΩÑ‡Ω¶‡ºã (‡º•),https://youtu.be/RUmcK10EQvQ?si=CnSRwcUq760sjPs_,2020.0,Kunga tashi,Good,US,Male,60-70,True,00:22:55
11,STT_PC0011,‡Ωñ‡Ωº‡Ωë‡ºã‡Ωë‡Ω¥‡Ωò‡ºã‡Ωñ‡Ω¥‡Ω¢‡ºã‡Ωñ‡ΩÇ‡Ωº‡ºã‡Ω¶‡æü‡ΩÑ‡Ω¶‡ºã‡Ωë‡ΩÑ‡ºã‡ºç ‡Ω¢‡æí‡æ±‡ºã‡ΩÇ‡Ωû‡Ω¥‡ΩÑ‡ºã‡Ω£‡ºã‡Ωë‡ΩÄ‡Ω†‡ºã‡ΩÑ‡Ω£‡ºã‡Ω†‡Ωï‡æ≤‡Ωë‡ºã‡Ω¶‡æ≤‡Ω≤‡Ωë‡ºã‡Ωî‡Ω†‡Ω≤‡ºã‡Ωì‡ΩÑ‡ºã‡ΩÅ‡Ω¥‡Ω£‡ºã‡Ω¶‡æô‡Ωì‡ºã‡Ωê‡Ωº‡ºç No. (6),https://youtu.be/ZYoKlao19Is?si=7nfGHROO_0MYaBiV,2020.0,Kunga tashi,Good,US,Male,60-70,True,00:23:15
12,STT_PC0012,‡Ω£‡æî‡ºã‡Ωî‡Ω†‡Ω≤‡ºã‡Ωâ‡Ω≤‡ºã‡Ω§‡Ω¥‡ºç ‡Ωê‡Ω∫‡ºã‡Ωù‡Ωì‡ºã‡ΩÇ‡æ±‡Ω≤‡ºã‡Ω¶‡æ≤‡Ω≤‡Ωë‡ºã‡Ω†‡Ωõ‡Ω≤‡Ωì‡ºã‡Ωë‡Ωò‡ºã‡Ω†‡Ωñ‡Ω¥‡Ω£‡ºã‡Ωò‡Ωõ‡Ωë‡ºã‡Ω¶‡æí‡Ωº‡ºã‡Ωë‡ΩÑ‡ºã‡Ωñ‡Ωº‡Ωë‡ºã‡Ωë‡ΩÑ‡ºã‡Ωñ‡Ωº‡Ωë‡ºã‡Ωò‡Ω≤‡ºç No.(7),https://youtu.be/xM8cJNeklPo?si=qOw3akRMJFWcDylO,2020.0,Kunga tashi,Good,US,Male,60-70,True,00:19:51
13,STT_PC0013,‡Ωî‡Ω∫‡ºã‡ΩÖ‡Ω≤‡ΩÑ‡ºã‡Ωì‡Ω¶‡ºã‡Ωñ‡Ωü‡Ωº‡Ω¶‡ºã‡Ωî‡Ω†‡Ω≤‡ºã‡Ωß‡Ωº‡ΩÑ‡ºã‡ΩÄ‡Ωº‡ΩÑ‡ºã‡ΩÇ‡Ω≤‡ºã‡ΩÅ‡æ≤‡Ω≤‡Ωò‡Ω¶‡ºã‡Ω†‡ΩÜ‡Ω¢‡ºã‡ΩÇ‡Ω¶‡Ω¢‡ºã‡Ωî‡ºã‡Ωë‡ΩÑ‡ºã‡ºç ‡Ωë‡Ω∫‡Ω†‡Ω≤‡ºã‡Ω§‡Ω¥‡ΩÇ‡Ω¶‡ºã‡Ω¢‡æê‡æ±‡Ω∫‡Ωì‡ºã‡ΩÑ‡Ωì‡ºã‡Ωî‡ºç No.(8),https://youtu.be/lSXkTiv4zpQ?si=A6O7mMbUHYTRESzN,2020.0,Kunga tashi,Good,US,Male,60-70,True,00:27:02
14,STT_PC0014,‡Ωï‡æ±‡Ω≤‡ºã‡Ω£‡Ωº‡ºã ‡º°‡º©‡º®‡º© ‡Ω£‡Ωº‡Ω†‡Ω≤‡ºã‡Ω¢‡æí‡æ±‡ºã‡Ωì‡ΩÇ‡ºã‡ΩÇ‡Ω≤‡ºã‡Ωë‡æ≤‡Ω¥‡ΩÇ‡ºã‡Ωñ‡Ωû‡Ω≤‡Ω†‡Ω≤‡ºã‡Ωë‡Ωº‡Ωì‡ºã‡Ω¢‡æê‡æ±‡Ω∫‡Ωì‡ºã‡Ωë‡ΩÑ‡ºã‡Ωñ‡Ωº‡Ωë‡ºã‡ΩÄ‡æ±‡Ω≤‡ºã‡ΩÇ‡Ωì‡Ωë‡ºã‡Ωë‡Ωº‡Ωì‡ºç No.(9),https://youtu.be/irH6ykLzKZ0?si=-ANsuHeWN2wGffO4,2020.0,Kunga tashi,Good,US,Male,60-70,True,00:30:49
15,STT_PC0015,‡Ω¢‡æí‡æ±‡ºã‡Ωì‡ΩÇ‡ºã‡ΩÇ‡Ω≤‡ºã‡Ω¶‡æ≤‡Ω≤‡Ωë‡ºã‡Ω†‡Ωõ‡Ω≤‡Ωì‡ºã‡Ωû‡Ω≤‡ºã‡ΩÖ‡Ω≤‡ΩÑ‡ºã‡Ωï‡Ω≤‡ΩÑ‡ºã‡Ωë‡ΩÑ‡ºã‡Ω¶‡æ≤‡Ω≤‡Ωë‡ºã‡Ωñ‡æ≥‡Ωº‡Ωì‡ºã‡Ω£‡Ω≤‡ºã‡ΩÅ‡Ω±‡ºã‡Ωñ‡æ±‡ΩÑ‡ºã‡Ωë‡Ωñ‡Ω¢‡ºã‡ΩÇ‡æ±‡Ω≤‡ºã‡Ω†‡ΩÇ‡Ω£‡ºã‡Ωñ‡ºç No.(10),https://youtu.be/Ib1riBJAtWM?si=-xIUvKl2rQjH-uPv,2020.0,Kunga tashi,Good,US,Male,60-70,True,00:22:53
16,STT_PC0016,‡Ω®‡ºã‡Ω¢‡æí‡æ±‡Ω†‡Ω≤‡ºã‡Ωï‡æ±‡Ω≤‡ºã‡Ω†‡Ωñ‡æ≤‡Ω∫‡Ω£‡ºã‡Ωë‡Ωî‡Ωº‡Ωì‡ºã‡Ω¢‡Ω≤‡Ωå‡ºã‡ΩÄ‡æ±‡Ω≤‡ºã‡Ωê‡Ω¥‡ΩÇ‡ºã‡Ω†‡Ωï‡æ≤‡Ωë‡ºã‡Ωì‡Ω¶‡ºã‡Ω¢‡æí‡æ±‡ºã‡Ωì‡ΩÇ‡ºã‡ΩÇ‡Ω≤‡ºã‡Ωë‡ΩÑ‡ΩÑ‡Ω¶‡ºã‡Ω†‡Ωö‡Ωñ‡ºã‡Ωò‡Ωê‡Ωº‡ΩÑ‡ºã‡Ωê‡Ω¥‡Ωñ‡ºã‡Ωî‡ºç ‡ºº‡Ω†‡Ωë‡Ωº‡Ωì‡ºã‡Ωê‡Ω∫‡ΩÑ‡Ω¶‡ºã ‡º°‡º° ‡ºΩ,https://youtu.be/ohByK7-94B8?si=UjwM6zCIT1_bpQUx,2020.0,Kunga tashi,Good,US,Male,60-70,True,00:15:24
17,STT_PC0017,‡Ω®‡ºã‡Ω¢‡Ω≤‡ºã‡Ωë‡ΩÑ‡ºã‡Ω¢‡æí‡æ±‡ºã‡Ωì‡ΩÇ‡ºã‡ΩÇ‡Ω≤‡ºã‡Ωï‡æ±‡Ω≤‡ºã‡Ω†‡Ωñ‡æ≤‡Ω∫‡Ω£‡ºã‡Ωë‡Ωî‡Ωº‡Ωì‡ºã‡Ω¢‡Ω≤‡Ωå‡ºã‡Ωê‡Ω¥‡ΩÇ‡ºã‡Ω†‡Ωï‡æ≤‡Ωë‡ºã‡Ω£‡ºã‡ΩÇ‡æ≤‡Ω¥‡Ωñ‡ºã‡Ω†‡Ωñ‡æ≤‡Ω¶‡ºã‡Ωñ‡æ±‡Ω¥‡ΩÑ‡ºã‡Ω°‡Ωº‡Ωë‡ºã‡Ωë‡Ωò‡ºç ‡ºº‡Ω†‡Ωë‡Ωº‡Ωì‡ºã‡Ωê‡Ω∫‡ΩÑ‡Ω¶‡ºã ‡º°‡º¢‡ºΩ,https://youtu.be/VkMpCtoR9O4?si=WAM81vsioNdDNqie,2020.0,Kunga tashi,Good,US,Male,60-70,True,00:21:59
18,STT_PC0018,‡Ω£‡æ∑‡ΩÇ‡ºã‡Ωë‡ΩÄ‡Ω¢‡ºã‡ΩÇ‡æ±‡Ω≤‡ºã‡Ωñ‡æ±‡Ω¥‡ΩÑ‡ºã‡Ω¢‡Ω≤‡Ωò‡ºã‡Ωë‡ΩÑ‡ºã‡Ωë‡Ω∫‡Ω†‡Ω≤‡ºã‡Ωë‡Ωº‡Ωì‡ºã‡Ω¶‡æô‡Ω≤‡ΩÑ‡ºã‡ºç ‡ºº‡Ω†‡Ωë‡Ωº‡Ωì‡ºã‡Ωê‡Ω∫‡ΩÑ‡Ω¶‡ºã ‡º°‡º£‡ºΩ,https://youtu.be/VLSP3y4uwyo?si=XD_HNdcp_9Jzr3Ve,2020.0,Kunga tashi,Good,US,Male,60-70,True,00:22:32
19,STT_PC0019,‡Ωû‡Ω¥‡Ω£‡ºã‡ΩÄ‡æ≤‡ΩÑ‡ºã‡Ω¢‡Ω¥‡Ω£‡ºã‡Ω†‡Ωá‡Ω¥‡ºã‡Ωñ‡Ωü‡Ω¥‡ΩÑ‡ºã‡Ωë‡ΩÑ‡ºã‡Ωë‡Ω∫‡Ω†‡Ω≤‡ºã‡Ω¢‡æí‡æ±‡Ωñ‡ºã‡Ω£‡æó‡Ωº‡ΩÑ‡Ω¶‡ºã‡ΩÇ‡Ωì‡Ω¶‡ºã‡Ωö‡Ω¥‡Ω£‡ºã‡Ω£‡ºã‡Ωë‡Ωî‡æ±‡Ωë‡ºã‡Ωî‡ºç ‡ºº‡Ω†‡Ωë‡Ωº‡Ωì‡ºã‡Ωê‡Ω∫‡ΩÑ‡Ω¶‡ºã ‡º°‡º§‡ºΩ,https://youtu.be/pxdRANOLbGE?si=DbzTATTLN6SATaMn,2020.0,Kunga tashi,Good,US,Male,60-70,True,00:21:34
20,STT_PC0020,‡ΩÜ‡Ω¥‡ºã‡Ω¶‡æê‡æ±‡Ωº‡Ωì‡ºã‡Ωê‡Ωº‡ΩÇ‡ºã‡Ωì‡Ω¶‡ºã‡Ω¢‡æí‡æ±‡ºã‡Ωì‡ΩÇ‡ºã‡Ωò‡Ωê‡Ωº‡ºã‡Ω¢‡Ω≤‡Ωò‡ºã‡Ωë‡Ωî‡Ωº‡Ωì‡ºã‡Ω¢‡Ω≤‡ΩÇ‡Ω¶‡ºã‡Ωì‡ΩÑ‡ºã‡ΩÅ‡Ω¥‡Ω£‡ºã‡ΩÇ‡æ±‡Ω≤‡ºã‡Ω†‡ΩÇ‡Ω£‡ºã‡Ωñ‡ºã‡ΩÇ‡Ω¶‡Ω£‡ºã‡Ωî‡Ωº‡ºã‡Ωò‡ΩÑ‡Ωº‡Ωì‡ºã‡Ωî‡ºç ‡ºº‡Ω†‡Ωë‡Ωº‡Ωì‡ºã‡Ωê‡Ω∫‡ΩÑ‡Ω¶‡ºã ‡º°‡º•‡ºΩ,https://youtu.be/HGPnDvxlYcE?si=-nWXsvUWk9H9wLyL,2020.0,Kunga tashi,Good,US,Male,60-70,True,00:20:33
21,STT_PC0021,‡Ωß‡Ω≤‡Ω†‡Ω¥‡ºã‡Ω¶‡Ω≤‡ºã‡ΩÄ‡æ≤‡Ωº‡Ωì‡ºã‡ΩÇ‡æ±‡Ω≤‡ºã‡Ω¢‡æí‡æ±‡ºã‡Ωì‡ΩÇ‡ºã‡ΩÇ‡Ωû‡Ω¥‡ΩÑ‡ºã‡Ωö‡Ωñ‡ºã‡ΩÅ‡ΩÑ‡ºã‡Ω¶‡æí‡Ωº‡ºã‡Ω¢‡æí‡æ±‡ΩÇ‡ºã‡Ωë‡ΩÇ‡Ωº‡Ω¶‡ºã‡Ωî‡Ω†‡Ω≤‡ºã‡ΩÇ‡Ωì‡Ω¶‡ºã‡Ωö‡Ω¥‡Ω£‡ºã‡Ω£‡ºã‡Ωë‡Ωî‡æ±‡Ωë‡ºã‡Ωî‡ºç ‡ºº‡Ω†‡Ωë‡Ωº‡Ωì‡ºã‡Ωê‡Ω∫‡ΩÑ‡Ω¶‡ºã ‡º°‡º¶‡ºΩ,https://youtu.be/1X5xykKdnH4?si=Qr22qAiKjUGFMkGB,2020.0,Kunga tashi,Good,US,Male,60-70,True,00:31:56
22,STT_PC0022,‡Ωë‡æ≤‡Ω≤‡Ωì‡ºã‡Ωè‡Ω¥‡Ω¢‡ºã‡Ω°‡Ωº‡Ωë‡ºã‡Ωî‡Ω†‡Ω≤‡ºã‡Ω®‡ºã‡Ω¢‡Ω≤‡Ω†‡Ω≤‡ºã‡ΩÇ‡Ωû‡Ω¥‡ΩÑ‡ºã‡Ωö‡Ωñ‡ºã‡Ω¶‡æí‡Ωº‡ºã‡Ω¢‡æí‡æ±‡ΩÇ‡ºã‡Ωë‡ΩÇ‡Ωº‡Ω¶‡ºã‡Ωë‡Ωº‡Ωì‡ºã‡ΩÇ‡ΩÑ‡ºã‡Ω°‡Ω≤‡Ωì‡ºã‡Ωì‡Ωò‡ºç ‡ºº‡Ω†‡Ωë‡Ωº‡Ωì‡ºã‡Ωê‡Ω∫‡ΩÑ‡Ω¶‡ºã ‡º°‡ºß‡ºΩ,https://youtu.be/PJN14j_QJMs?si=ybT2zgrS25sNJ9Ng,2020.0,Kunga tashi,Good,US,Male,60-70,True,00:26:05
23,STT_PC0023,‡Ω£‡Ω≤‡ºã‡Ωè‡Ω≤‡ΩÑ‡ºã‡Ωß‡Ω¥‡Ω†‡Ω∫‡ºã‡Ωë‡ΩÇ‡Ωº‡ΩÑ‡Ω¶‡ºã‡Ωî‡ºã‡Ω¢‡æ´‡Ωº‡ΩÇ‡Ω¶‡ºã‡Ωî‡Ω¢‡ºã‡Ωò‡æ±‡ºã‡ΩÑ‡Ωì‡ºã‡Ω¢‡æó‡Ω∫‡Ω¶‡ºã‡Ωë‡æ≤‡Ωì‡ºã‡Ωë‡ΩÑ‡ºã‡Ωñ‡Ωº‡Ωë‡ºã‡Ωê‡Ω†‡Ω∫‡ºã‡Ω†‡Ωñ‡æ≤‡Ω∫‡Ω£‡ºã‡Ωñ‡Ω¢‡ºã‡Ωï‡æ±‡Ω≤‡Ω¢‡ºã‡Ωò‡Ω≤‡ΩÇ‡ºã‡Ωñ‡Ω£‡æü‡ºã‡Ωñ‡ºç ‡ºº‡Ω†‡Ωë‡Ωº‡Ωì‡ºã‡Ωê‡Ω∫‡ΩÑ‡Ω¶‡ºã ‡º°‡º®‡ºΩ,https://youtu.be/yBeYq4r3gwI?si=kUm5AS3dJ4BM2nOE,2020.0,Kunga tashi,Good,US,Male,60-70,True,00:31:36
24,STT_PC0024,‡Ω¶‡æ¶‡Ω†‡Ω∫‡ºã‡Ωè‡Ω†‡Ω∫‡ºã‡Ωß‡Ωº‡ºã‡Ω°‡Ω≤‡ºã‡Ωö‡Ωº‡ΩÇ‡Ω¶‡ºã‡Ω†‡Ωë‡Ω¥‡ºã‡Ωë‡ΩÑ‡ºã‡Ωû‡Ω≤‡ºã‡ΩÖ‡Ω≤‡ΩÑ‡ºã‡Ωï‡Ω≤‡ΩÑ‡ºã‡ºç ‡ºº‡Ω†‡Ωë‡Ωº‡Ωì‡ºã‡Ωê‡Ω∫‡ΩÑ‡Ω¶‡ºã ‡º°‡º©‡ºΩ,https://youtu.be/13Y5Fte7r7w?si=XIdqdCMzGJt2t9kF,2020.0,Kunga tashi,Good,US,Male,60-70,True,00:31:13
25,STT_PC0025,‡Ω¢‡æí‡æ±‡ºã‡Ωì‡ΩÇ‡ºã‡ΩÇ‡Ω≤‡ºã‡Ωï‡æ±‡Ω≤‡ºã‡Ω¶‡æ≤‡Ω≤‡Ωë‡ºã‡Ωñ‡æ≥‡Ωº‡Ωì‡ºã‡ΩÜ‡Ω∫‡Ωì‡ºã‡Ωù‡ΩÑ‡ºã‡Ωë‡Ωñ‡æ±‡Ω≤‡ºã‡Ωñ‡Ωº‡Ωë‡ºã‡Ω£‡ºã‡Ωñ‡Ω¶‡æê‡æ±‡Ωº‡Ωë‡ºã‡Ωî‡Ω†‡Ω≤‡ºã‡ΩÇ‡Ω¶‡Ω¢‡ºã‡Ω†‡ΩÇ‡æ±‡Ω¥‡Ω¢‡ºã‡Ω£‡ºã‡Ωë‡Ωî‡æ±‡Ωë‡ºã‡Ωî‡ºç ‡ºº‡Ω†‡Ωë‡Ωº‡Ωì‡ºã‡Ωê‡Ω∫‡ΩÑ‡Ω¶‡ºã ‡º¢‡º†‡ºΩ,https://youtu.be/bvgRp6jsVgo?si=O8ly1o1Nuxv5BiSz,2020.0,Kunga tashi,Good,US,Male,60-70,True,00:17:55
26,STT_PC0026,‡Ωë‡ΩÇ‡Ω∫‡ºã‡Ω¢‡æí‡Ωì‡ºã‡ΩÜ‡Ω∫‡Ωì‡ºã‡Ωò‡Ωº‡ºã‡Ωö‡Ω£‡ºã‡Ωû‡æ≠‡ºã‡Ωë‡ΩÑ‡ºã‡ΩÇ‡Ω¥‡ΩÑ‡ºã‡Ωñ‡æ≤‡Ωì‡ºã‡Ωè‡ΩÑ‡ºã‡Ωë‡Ωñ‡Ω¢‡ºã‡ΩÇ‡æ±‡Ω≤‡ºã‡Ω£‡Ω¶‡ºã‡Ωë‡Ωñ‡ΩÑ‡ºã‡Ω¢‡æ´‡Ωº‡ΩÇ‡Ω¶‡ºã‡Ωî‡ºç ‡ºº‡Ω†‡Ωë‡Ωº‡Ωì‡ºã‡Ωê‡Ω∫‡ΩÑ‡Ω¶‡ºã ‡º¢‡º°‡ºΩ,https://youtu.be/ejDVUc9SJ8w?si=eE1OEktVfCcStLuP,2020.0,Kunga tashi,Good,US,Male,60-70,True,00:13:19
27,STT_PC0027,‡ΩÄ‡æ≤‡Ω¥‡ΩÑ‡ºã‡Ωë‡Ωñ‡æ±‡ΩÑ‡ºã‡Ωñ‡Ωº‡Ωë‡ºã‡ΩÄ‡æ±‡Ω≤‡ºã‡Ω£‡Ω¶‡ºã‡Ωë‡Ωº‡Ωì‡ºã‡Ω¶‡æê‡Ωº‡Ω¢‡ºã‡ΩÇ‡æ±‡Ω≤‡ºã‡Ωñ‡Ωû‡Ω¥‡Ωå‡ºã‡Ωò‡Ωº‡Ω£‡ºã‡Ωö‡Ωº‡Ωå‡ºã‡Ω†‡Ωë‡Ω¥‡ºã ‡ºß ‡Ωî‡Ω¢‡ºã‡Ωë‡Ωî‡æ±‡Ωë‡ºã‡Ωî‡ºç ‡ºº‡Ω†‡Ωë‡Ωº‡Ωì‡ºã‡Ωê‡Ω∫‡ΩÑ‡Ω¶‡ºã ‡º¢‡º¢‡ºΩ,https://youtu.be/90l5Q7S97ro?si=9sjurvdf3xsBqAuW,2020.0,Kunga tashi,Good,US,Male,60-70,True,00:39:29
28,STT_PC0028,‡Ω¢‡Ωì‡ºã‡ΩÄ‡æ≤‡Ω∫‡ºã‡Ωá‡ΩÑ‡ºã‡Ω£‡ºã‡Ωâ‡Ω∫‡Ω¶‡ºã‡Ω†‡Ωõ‡Ω¥‡Ωå‡ºã‡Ωë‡ΩÑ‡ºã‡Ωë‡Ω∫‡Ω†‡Ω≤‡ºã‡Ωê‡Ωº‡ΩÇ‡ºã‡Ωì‡Ω¶‡ºã‡Ω¢‡æí‡æ±‡ºã‡Ωì‡ΩÇ‡ºã‡Ωë‡Ωî‡Ωº‡Ωì‡ºã‡Ω¢‡Ω≤‡Ωå‡ºã‡Ωë‡Ωñ‡Ω¢‡ºã‡ΩÇ‡æ±‡Ω≤‡ºã‡Ωë‡ΩÄ‡Ω†‡ºã‡ΩÑ‡Ω£‡ºã‡ΩÇ‡æ≥‡Ω∫‡ΩÑ‡ºã‡Ωñ‡ºç ‡ºº‡Ω†‡Ωë‡Ωº‡Ωì‡ºã‡Ωê‡Ω∫‡ΩÑ‡Ω¶‡ºã ‡º¢‡º£‡ºΩ,https://youtu.be/JWyP8321_wg?si=KXRatPvcHUIPF0TC,2020.0,Kunga tashi,Good,US,Male,60-70,True,00:25:02
29,STT_PC0029,‡Ω¢‡æí‡æ±‡ºã‡Ωì‡ΩÇ‡ºã‡Ωë‡Ωò‡Ω¢‡ºã‡Ωî‡Ωº‡Ω†‡Ω≤‡ºã‡ΩÇ‡Ωû‡Ω¥‡ΩÑ‡ºã‡ΩÇ‡Ω≤‡ºã‡Ω¶‡Ωº‡ºã‡Ωò‡æ±‡Ω¥‡Ω£‡ºã‡Ω¢‡ºã‡Ω¶‡æ§‡æ≤‡Ωº‡Ωë‡ºã‡Ωñ‡æ±‡Ω¥‡ΩÑ‡ºã‡Ωñ‡ºã‡Ω£‡Ω¶‡ºã‡Ω†‡Ωï‡æ≤‡Ωº‡Ω¶‡ºã‡Ωî‡Ω†‡Ω≤‡ºã‡ΩÇ‡Ωè‡Ωò‡ºç ‡ºº‡Ω†‡Ωë‡Ωº‡Ωì‡ºã‡Ωê‡Ω∫‡ΩÑ‡Ω¶‡ºã ‡º¢‡º§‡ºΩ,https://youtu.be/mrSDlRakitg?si=R36pHFQZX5GQ2JU4,2020.0,Kunga tashi,Good,US,Male,60-70,True,00:35:31
30,STT_PC0030,‡Ω¢‡æí‡æ±‡ºã‡Ωì‡ΩÇ‡ºã‡ΩÇ‡Ω≤‡Ω¶‡ºã‡Ωñ‡Ωº‡Ωë‡ºã‡Ω£‡ºã‡Ω†‡Ωõ‡Ω≤‡Ωì‡ºã‡Ωî‡Ω†‡Ω≤‡ºã‡Ωë‡Ωî‡Ω£‡ºã‡Ω†‡Ωñ‡æ±‡Ωº‡Ω¢‡ºã‡Ω¶‡æ≤‡Ω≤‡Ωë‡ºã‡Ωñ‡æ±‡Ω¥‡Ω¶‡ºã‡Ωï‡Ωò‡ºã‡Ωâ‡Ω∫‡Ω¶‡ºã‡Ωï‡æ±‡Ω≤‡Ωì‡ºã‡Ωî‡ºç ‡ºº‡Ω†‡Ωë‡Ωº‡Ωì‡ºã‡Ωê‡Ω∫‡ΩÑ‡Ω¶‡ºã ‡º¢‡º•‡ºΩ,https://youtu.be/bQ3Flom47vs?si=mFO3cfofLNDNLpFw,2020.0,Kunga tashi,Good,US,Male,60-70,True,00:28:18
31,STT_PC0031,‡Ωñ‡Ωº‡Ωë‡ºã‡Ωñ‡Ω¢‡æí‡æ±‡Ω¥‡Ωë‡ºã‡Ωì‡ΩÑ‡ºã‡Ωñ‡Ω¶‡æü‡Ωì‡ºã‡Ω¢‡æí‡æ±‡ºã‡Ωì‡ΩÇ‡ºã‡ΩÖ‡Ωì‡ºã‡Ωë‡Ω¥‡ºã‡Ωñ‡Ω¶‡æí‡æ±‡Ω¥‡Ω¢‡ºã‡Ω¢‡æí‡æ±‡Ω¥‡ºã‡Ωû‡Ω∫‡Ω¶‡ºã‡Ωî‡Ω†‡Ω≤‡ºã‡Ω¶‡æ≤‡Ω≤‡Ωë‡ºã‡Ωñ‡æ±‡Ω¥‡Ω¶‡ºã‡Ω£‡ºã‡Ωë‡Ωî‡æ±‡Ωë‡ºã‡Ωî‡ºç ‡ºº‡Ω†‡Ωë‡Ωº‡Ωì‡ºã‡Ωê‡Ω∫‡ΩÑ‡Ω¶‡ºã ‡º¢‡º¶‡ºΩ,https://youtu.be/kP3tI6AyB1A?si=6IRhHkGzK5x-A1wx,2020.0,Kunga tashi,Good,US,Male,60-70,True,00:17:13
32,STT_PC0032,‡Ω¢‡æí‡æ±‡Ω£‡ºã‡ΩÇ‡ΩÖ‡Ω∫‡Ω¶‡ºã‡Ωë‡Ωî‡Ω†‡ºã‡Ωñ‡Ωº‡ºã‡Ω¶‡æü‡ΩÇ‡ºã‡Ω¶‡æ£‡ºã‡Ω†‡Ωá‡Ω≤‡ΩÇ‡Ω¶‡ºã‡Ωò‡Ω∫‡Ωë‡ºã‡Ωñ‡Ωü‡ΩÑ‡ºã‡Ωî‡Ωº‡ºã‡Ωò‡ΩÜ‡Ωº‡ΩÇ‡ºã‡ΩÇ‡Ω≤‡ºã‡Ωñ‡Ω¶‡Ωò‡ºã‡Ωñ‡æ≥‡Ωº‡Ω†‡Ω≤‡ºã‡Ω§‡Ω¥‡Ω£‡ºã‡Ωñ‡Ωû‡ΩÇ ‡ºº‡Ω†‡Ωë‡Ωº‡Ωì‡ºã‡Ωê‡Ω∫‡ΩÑ‡Ω¶‡ºã ‡º¢‡ºß‡ºΩ,https://youtu.be/FesD3JiNHUs?si=ILebhkBcR-zEqR-1,2020.0,Kunga tashi,Good,US,Male,60-70,True,00:37:46
33,STT_PC0033,‡Ωû‡Ω≤‡ºã‡ΩÖ‡Ω≤‡Ωì‡ºã‡Ωï‡Ω≤‡ΩÑ‡ºã‡ΩÇ‡Ω≤‡ºã‡Ω§‡Ω¥‡Ω£‡ºã‡Ω†‡Ωõ‡Ω≤‡Ωì‡ºã‡Ωî‡ºã‡Ω¶‡Ω¥‡ºã‡Ω°‡Ω≤‡Ωì‡ºã‡Ωì‡Ωò‡ºç ‡ºº‡Ω†‡Ωë‡Ωº‡Ωì‡ºã‡Ωê‡Ω∫‡ΩÑ‡Ω¶‡ºã ‡º¢‡º®‡ºΩ,https://youtu.be/65mtDppqzzk?si=iOTbGQJY-abFcPqx,2020.0,Kunga tashi,Good,US,Male,60-70,True,00:16:45
34,STT_PC0034,‡Ωñ‡Ωº‡Ωë‡ºã‡Ωñ‡Ω¢‡æí‡æ±‡Ω¥‡Ωë‡ºã‡Ωì‡ΩÑ‡ºã‡Ωñ‡Ω¶‡æü‡Ωì‡ºã‡Ωë‡ΩÇ‡Ωº‡ΩÑ‡Ω¶‡ºã‡Ω†‡ΩÇ‡æ≤‡Ω∫‡Ω£‡ºã‡Ω£‡Ω¶‡ºã‡Ωë‡Ωº‡Ωì‡ºã‡Ωë‡Ωî‡æ±‡Ωë‡ºã‡ΩÇ‡æ≥‡Ω∫‡ΩÑ‡ºã‡Ωö‡Ωº‡ΩÇ‡Ω¶‡ºã‡Ω†‡Ωë‡Ω¥‡ºã‡Ωü‡Ω∫‡Ω¢‡ºã‡Ωñ‡Ω¢‡ºã‡Ωë‡Ωî‡æ±‡Ωë‡ºã‡Ωî‡ºç‡ºº‡Ω†‡Ωë‡Ωº‡Ωì‡ºã‡Ωê‡Ω∫‡ΩÑ‡Ω¶‡ºã ‡º¢‡º©‡ºΩ,https://youtu.be/XCj8wsu-PJI?si=aEWrXJBNEOCwx083,2020.0,Kunga tashi,Good,US,Male,60-70,True,00:16:31
35,STT_PC0035,‡ΩÇ‡Ωº‡ºã‡Ω£‡Ω†‡Ω≤‡ºã‡Ωë‡Ω¥‡Ω¶‡ºã‡Ωñ‡Ωñ‡ºã‡Ωö‡ΩÇ‡Ω¶‡ºã‡Ωî‡Ω¢‡ºã‡ΩÅ‡ΩÑ‡ºã‡ΩÇ‡Ω≤‡ºã‡Ω¶‡æ§‡æ±‡Ω≤‡ºã‡ΩÅ‡æ±‡Ωñ‡ºã‡Ω¢‡æ©‡Ωº‡Ωò‡ºã‡Ω¶‡æí‡æ≤‡Ω≤‡ΩÇ‡ºã‡Ωî‡Ω¢‡ºã‡Ωë‡ΩÄ‡Ω†‡ºã‡ΩÑ‡Ω£‡ºã‡Ω†‡Ωï‡æ≤‡Ωë‡ºã‡Ωî‡Ω¢‡ºã‡Ωë‡Ωñ‡æ±‡Ω∫‡ºã‡Ωû‡Ω≤‡Ωñ‡ºç ‡ºº‡Ω†‡Ωë‡Ωº‡Ωì‡ºã‡Ωê‡Ω∫‡ΩÑ‡Ω¶‡ºã ‡º£‡º†‡ºΩ,https://youtu.be/U-rQytmyVSA?si=C5fN0rRXGIIM8ewC,2020.0,Kunga tashi,Good,US,Male,60-70,True,00:16:32
36,STT_PC0036,‡Ωè‡ΩÑ‡ºã‡ΩÇ‡Ω≤‡ºã‡Ω¶‡æ≥‡Ωº‡Ωñ‡ºã‡ΩÇ‡æ≤‡æ≠‡ºã‡ΩÜ‡Ω∫‡Ωì‡ºã‡Ωò‡Ωº‡Ω†‡Ω≤‡ºã‡Ωë‡ΩÇ‡Ω∫‡ºã‡Ω¢‡æí‡Ωì‡ºã‡Ωö‡Ω£‡ºã‡Ωû‡æ≠‡ºã‡Ωë‡ΩÑ‡ºã‡ΩÇ‡Ω¥‡ΩÑ‡ºã‡Ωñ‡æ≤‡Ωì‡ºã‡Ωè‡ΩÑ‡ºã‡Ωë‡Ωñ‡Ω¢‡ºã‡Ω†‡Ωñ‡æ≤‡Ω∫‡Ω£‡ºã‡Ωê‡ΩÇ‡ºã‡ΩÜ‡Ωº‡Ωë‡ºã‡Ωî‡Ω†‡Ω≤‡ºã‡Ωñ‡Ω¢‡æí‡æ±‡Ω¥‡Ωë‡ºã‡Ω¢‡Ω≤‡Ωò‡ºç ‡ºº‡Ω†‡Ωë‡Ωº‡Ωì‡ºã‡Ωê‡Ω∫‡ΩÑ‡Ω¶‡ºã ‡º£‡º°‡ºΩ,https://youtu.be/5MIZyDacTmM?si=pXKN-BHA3TKBoyHt,2020.0,Kunga tashi,Good,US,Male,60-70,True,00:23:42
37,STT_PC0037,‡Ωï‡æ±‡Ω≤‡ºã‡Ω£‡Ωº‡ºã ‡º¢‡º†‡º¢‡º† ‡Ω£‡Ωº‡Ω¢‡ºã‡Ωñ‡Ωº‡Ωë‡ºã‡Ωì‡ΩÑ‡ºã‡Ωë‡æ≤‡æ≠‡ºã‡Ω¢‡æí‡æ±‡Ω†‡Ω≤‡ºã‡Ωë‡Ωò‡ºã‡Ωñ‡Ω¶‡æí‡æ≤‡ΩÇ‡Ω¶‡ºç ‡ºº‡Ω†‡Ωë‡Ωº‡Ωì‡ºã‡Ωê‡Ω∫‡ΩÑ‡Ω¶‡ºã ‡º£‡º¢‡ºΩ,https://youtu.be/36uv9qnNid0?si=7lJ1qFAPHrqPf2ht,2020.0,Kunga tashi,Good,US,Male,60-70,True,00:19:47
38,STT_PC0038,‡Ω¢‡Ω≤‡ΩÇ‡ºã‡ΩÇ‡Ωì‡Ω¶‡ºã‡ΩÇ‡Ω¶‡Ω¢‡ºã‡Ωñ‡Ω¢‡æó‡Ω∫‡ºç ‡ΩÇ‡Ωè‡Ωò‡ºã‡Ω¢‡æí‡æ±‡Ω¥‡Ωë‡ºã‡ΩÄ‡æ±‡Ω≤‡ºã‡Ω£‡Ωò‡ºã‡Ωì‡Ω¶‡ºã‡Ωò‡Ω∫‡Ω¶‡ºã‡Ωî‡Ωº‡Ω†‡Ω≤‡ºã‡Ωû‡Ωñ‡Ω¶‡ºã‡Ω¢‡æó‡Ω∫‡Ω¶‡ºã‡Ω†‡Ωö‡Ωº‡Ω£‡ºã‡Ωñ‡ºç ‡ºº‡Ω†‡Ωë‡Ωº‡Ωì‡ºã‡Ωê‡Ω∫‡ΩÑ‡Ω¶‡ºã ‡º£‡º£‡ºΩ,https://youtu.be/tdzj9Yz7_xU?si=-kvY34008oLeWvRr,2021.0,Kunga tashi,Good,US,Male,60-70,True,00:15:48
39,STT_PC0039,‡Ωò‡Ω±‡ºã‡Ω°‡Ω¥‡Ωì‡ºã‡Ωü‡Ω∫‡Ω¢‡ºã‡Ωì‡ºã‡Ω¶‡Ω¥‡ºã‡Ω¢‡Ω∫‡Ωë‡ºã‡Ωë‡Ωò‡ºç ‡Ωò‡Ω±‡ºã‡Ω°‡Ω¥‡Ωì‡ºã‡ΩÇ‡ºã‡Ω¢‡Ω∫‡ºã‡Ωñ‡æ±‡Ω¶‡ºã‡Ωî‡ºã‡Ω¢‡Ω∫‡Ωë‡ºã‡Ωë‡Ωò‡ºç ‡ºº‡Ω†‡Ωë‡Ωº‡Ωì‡ºã‡Ωê‡Ω∫‡ΩÑ‡Ω¶‡ºã ‡º£‡º§‡ºΩ,https://youtu.be/stll-yu1nuk?si=fD-U0cNhY1ZFssGI,2021.0,Kunga tashi,Good,US,Male,60-70,True,00:19:00
40,STT_PC0040,‡Ω®‡ºã‡Ω¢‡Ω≤‡Ω†‡Ω≤‡ºã‡ΩÇ‡Ωû‡Ω¥‡ΩÑ‡ºã‡ΩÇ‡Ω¶‡Ω¢‡ºã‡Ωî‡ºã‡Ωë‡ΩÑ‡ºã‡Ω¢‡æí‡æ±‡ºã‡Ωì‡ΩÇ‡ºã‡Ωñ‡Ω¢‡ºã‡ΩÇ‡æ±‡Ω≤‡ºã‡Ωò‡ºã‡Ω†‡Ωº‡ΩÑ‡Ω¶‡ºã‡Ωî‡Ω†‡Ω≤‡ºã‡Ω†‡Ωñ‡æ≤‡Ω∫‡Ω£‡ºã‡Ωñ‡Ω†‡Ω≤‡ºã‡Ω†‡Ωï‡Ω∫‡Ω£‡ºã‡Ωï‡æ±‡Ωº‡ΩÇ‡Ω¶‡ºç ‡ºº‡Ω†‡Ωë‡Ωº‡Ωì‡ºã‡Ωê‡Ω∫‡ΩÑ‡Ω¶‡ºã ‡º£‡º•‡ºΩ,https://youtu.be/a8dlBaqvQH0?si=LlFuHO1Q9Gpmc_ih,2021.0,Kunga tashi,Good,US,Male,60-70,True,00:16:25
41,STT_PC0041,‡Ωù‡Ω¥‡Ω†‡Ω¥‡ºã‡Ωß‡Ωì‡ºã‡ΩÇ‡æ≤‡Ωº‡ΩÑ‡ºã‡ΩÅ‡æ±‡Ω∫‡Ω¢‡ºã‡ΩÇ‡æ±‡Ω≤‡ºã‡Ω¶‡æ§‡æ±‡Ω≤‡ºã‡ΩÅ‡æ±‡Ωñ‡ºã‡Ω£‡Ω¶‡ºã‡ΩÇ‡Ωì‡Ω¶‡ºã‡Ω£‡Ω¶‡ºã‡Ωë‡ΩÇ‡Ωº‡ΩÑ‡Ω¶‡ºã‡Ωû‡Ω¥‡ºã‡Ωñ‡æ±‡Ω¶‡ºã‡Ωî‡Ω†‡Ω≤‡ºã‡Ω¢‡æí‡æ±‡Ωñ‡ºã‡Ω£‡Ωº‡ΩÇ‡Ω¶‡ºã‡ΩÄ‡æ±‡Ω≤‡ºã‡ΩÇ‡Ωì‡Ω¶‡ºã‡Ωö‡Ω¥‡Ω£‡ºç ‡ºº‡Ω†‡Ωë‡Ωº‡Ωì‡ºã‡Ωê‡Ω∫‡ΩÑ‡Ω¶‡ºã ‡º£‡º¶‡ºΩ,https://youtu.be/UWsLSG0eYt8?si=AzjHrCGGCwfF-GXS,2021.0,Kunga tashi,Good,US,Male,60-70,True,00:14:59
42,STT_PC0042,‡Ω†‡Ωñ‡Ω¢‡ºã‡Ωò‡Ω†‡Ω≤‡ºã‡ΩÜ‡Ωñ‡ºã‡Ω¶‡æ≤‡Ω≤‡Ωë‡ºã‡ΩÄ‡æ±‡Ω≤‡ºã‡Ω†‡ΩÇ‡æ±‡Ω¥‡Ω¢‡ºã‡Ω£‡æ°‡Ωº‡ΩÇ‡ºã‡Ω£‡ºã‡Ω¢‡æí‡æ±‡ºã‡Ωì‡ΩÇ‡ºã‡ΩÇ‡Ω≤‡ºã‡Ω£‡æü‡ºã‡Ω¶‡æü‡ΩÑ‡Ω¶‡ºç ‡ºº‡Ω†‡Ωë‡Ωº‡Ωì‡ºã‡Ωê‡Ω∫‡ΩÑ‡Ω¶‡ºã ‡º£‡ºß‡ºΩ,https://youtu.be/ooKUh0EIIvo?si=y5fLktkAupWK7xu1,2021.0,Kunga tashi,Good,US,Male,60-70,True,00:21:52
43,STT_PC0043,‡Ω†‡Ωï‡ΩÇ‡Ω¶‡ºã‡Ωñ‡Ωº‡Ωë‡ºã‡Ω¶‡ºã‡Ωò‡Ωö‡Ωò‡Ω¶‡ºã‡Ω¶‡Ω¥‡ºã‡Ω¢‡æí‡æ±‡ºã‡Ωë‡Ωò‡ΩÇ‡ºã‡Ω§‡Ω≤‡ºã‡Ωñ‡ºã‡ΩÇ‡Ωû‡Ω¥‡ΩÑ‡ºã‡Ω†‡Ωñ‡æ≤‡Ω∫‡Ω£‡ºã‡ΩÅ‡æ±‡Ωñ‡ºã‡Ωñ‡Ω¶‡æí‡æ≤‡ΩÇ‡Ω¶‡ºã‡Ωñ‡æ±‡Ω∫‡Ωë‡ºã‡Ωë‡ΩÇ‡Ωº‡Ω¶‡ºã‡Ωë‡Ωº‡Ωì‡ºã‡ΩÇ‡ΩÑ‡ºã‡Ω°‡Ω≤‡Ωì‡ºã‡Ωì‡Ωò‡ºç ‡ºº‡Ω†‡Ωë‡Ωº‡Ωì‡ºã‡Ωê‡Ω∫‡ΩÑ‡Ω¶‡ºã ‡º£‡º®‡ºΩ,https://youtu.be/IjEMbVtMmaU?si=ilCIJyy_bdRVCBnl,2021.0,Kunga tashi,Good,US,Male,60-70,True,00:34:12
44,STT_PC0044,‡Ω¢‡æí‡æ±‡ºã‡Ωì‡ΩÇ‡ºã‡ΩÇ‡Ωû‡Ω¥‡ΩÑ‡ºã‡ΩÇ‡Ω≤‡Ω¶‡ºã‡Ωß‡æ≠‡ºã‡ΩÇ‡Ωº‡ºã‡Ωï‡Ω¥‡ΩÑ‡ºã‡Ω£‡ºã‡Ωë‡æ≤‡Ωì‡ºã‡ΩÇ‡Ω¶‡Ωº‡ºã‡Ωñ‡æ±‡Ω∫‡Ωë‡ºã‡Ωë‡ΩÇ‡Ωº‡Ω¶‡ºã‡Ωë‡Ωº‡Ωì‡ºã‡ΩÇ‡ΩÑ‡ºã‡Ω°‡Ω≤‡Ωì‡ºã‡Ωì‡Ωò‡ºç ‡ºº‡Ω†‡Ωë‡Ωº‡Ωì‡ºã‡Ωê‡Ω∫‡ΩÑ‡Ω¶‡ºã ‡º£‡º©‡ºΩ,https://youtu.be/OEbJD2KzkHA?si=4EmEEnI9onX5M438,2021.0,Kunga tashi,Good,US,Male,60-70,True,00:21:43
45,STT_PC0045,‡Ωñ‡Ω¢‡æó‡Ω∫‡Ωë‡ºã‡Ωê‡Ωñ‡Ω¶‡ºã‡Ωò‡Ω∫‡Ωë‡ºã‡Ωî‡Ω†‡Ω≤‡ºã‡Ωâ‡Ω≤‡Ωì‡ºã‡Ωò‡Ωº‡ºç ‡ΩÇ‡Ω¶‡Ω¥‡Ωò‡ºã‡Ωñ‡ΩÖ‡Ω¥‡Ω†‡Ω≤‡ºã‡Ωë‡æ≤‡Ωì‡ºã‡Ωê‡Ω∫‡ΩÑ‡Ω¶‡ºã ‡º¶‡º¢ ‡ºº‡Ω†‡Ωë‡Ωº‡Ωì‡ºã‡Ωê‡Ω∫‡ΩÑ‡Ω¶‡ºã ‡º§‡º†‡ºΩ,https://youtu.be/DZqFsOglOIQ?si=R93ke4T7jdj7JJT5,2021.0,Kunga tashi,Good,US,Male,60-70,True,01:35:04
46,STT_PC0046,‡ΩÇ‡æ≤‡Ωº‡Ω£‡ºã‡Ωò‡ºã‡Ωê‡ΩÇ‡ºã‡Ωî‡Ω†‡Ω≤‡ºã‡Ω¢‡æí‡æ±‡ºã‡Ωì‡ΩÇ‡ºã‡ΩÇ‡Ω≤‡ºã‡Ωö‡Ωº‡ΩÇ‡Ω¶‡ºã‡Ω†‡Ωë‡Ω¥‡ºã‡ΩÇ‡Ωâ‡Ω≤‡Ω¶‡ºã‡Ωë‡ΩÑ‡ºã‡Ωñ‡Ωº‡Ωë‡ºç ‡ºº‡Ω†‡Ωë‡Ωº‡Ωì‡ºã‡Ωê‡Ω∫‡ΩÑ‡Ω¶‡ºã ‡º§‡º°‡ºΩ,https://youtu.be/MhC9NTKy7_A?si=weqI0NrwbGPVEfQ0,2021.0,Kunga tashi,Good,US,Male,60-70,True,00:33:30
47,STT_PC0047,‡Ω†‡ΩÅ‡æ±‡ΩÇ‡ºã‡Ω¢‡Ωº‡Ωò‡ºã‡Ωì‡ΩÑ‡ºã‡ΩÇ‡Ω≤‡ºã‡Ω®‡ºã‡Ω¢‡æí‡æ±‡Ω†‡Ω≤‡ºã‡Ωê‡Ω¥‡ΩÇ‡ºã‡Ω†‡Ωï‡æ≤‡Ωë‡ºç ‡ºº‡Ω†‡Ωë‡Ωº‡Ωì‡ºã‡Ωê‡Ω∫‡ΩÑ‡Ω¶‡ºã ‡º§‡º¢‡ºΩ,https://youtu.be/4MZiemWtyYs?si=JwP-1vuDx1lbiSkL,2021.0,Kunga tashi,Good,US,Male,60-70,True,00:33:00
48,STT_PC0048,Indo-Pacific ‡Ω¢‡æí‡æ±‡ºã‡ΩÇ‡Ω¢‡ºã‡Ω¢‡æí‡æ±‡ºã‡Ωò‡Ωö‡Ωº‡ºã‡Ωë‡ΩÑ‡ºã‡Ωû‡Ω≤‡Ω≤‡ºã‡Ωñ‡Ωë‡Ω∫‡ºã‡Ω¢‡æí‡æ±‡ºã‡Ωò‡Ωö‡Ωº‡Ωº‡Ω†‡Ω≤‡ºã‡Ωò‡ΩÑ‡Ω†‡ºã‡ΩÅ‡Ω¥‡Ω£‡ºç ‡ºº‡Ω†‡Ωë‡Ωº‡Ωì‡ºã‡Ωê‡Ω∫‡ΩÑ‡Ω¶‡ºã ‡º§‡º£‡ºΩ,https://youtu.be/ULA6OLm-gno?si=ioAcDYBuxd82GIeL,2021.0,Kunga tashi,Good,US,Male,60-70,True,00:30:22
49,STT_PC0049,‡Ω¢‡æí‡æ±‡ºã‡Ωì‡ΩÇ‡ºã‡ΩÇ‡Ω≤‡ºã‡Ω¶‡æ≤‡Ω≤‡Ωë‡ºã‡Ωñ‡æ≥‡Ωº‡Ωì‡ºã‡Ωü‡Ω¥‡Ω¢‡ºã‡Ωî‡Ω†‡Ω≤‡ºã‡Ω®‡ºã‡Ωò‡ºã‡Ω¢‡æó‡Ω∫‡Ω¶‡ºã‡Ωë‡æ≤‡Ωì‡ºã‡ΩÇ‡æ±‡Ω≤‡ºã‡Ω¢‡æ©‡Ωº‡Ωò‡ºã‡Ω°‡Ω≤‡ΩÇ‡ºã‡Ωñ‡ΩÄ‡ΩÇ‡ºã‡Ω¶‡æ°‡Ωº‡Ωò‡ºã‡Ωñ‡æ±‡Ω∫‡Ωë‡ºã‡Ωë‡Ωº‡Ωº‡Ωì‡ºã‡ΩÇ‡ΩÑ‡ºã‡Ω°‡Ω≤‡Ωì‡ºã‡Ωì‡Ωò‡ºç ‡ºº‡Ω†‡Ωë‡Ωº‡Ωì‡ºã‡Ωê‡Ω∫‡ΩÑ‡Ω¶‡ºã ‡º§‡º§‡ºΩ,https://youtu.be/-W0WCXl5Vq8?si=Xbnj8WdWi1cdMFOA,2021.0,Kunga tashi,Good,US,Male,60-70,True,00:32:03
50,STT_PC0050,‡Ωû‡Ω≤‡ºã‡ΩÖ‡Ω≤‡Ωì‡ºã‡Ωï‡Ω≤‡ΩÑ‡ºã‡Ωë‡ΩÑ‡ºã‡Ωù‡ΩÑ‡ºã‡ΩÜ‡Ω≤‡ºã‡Ωß‡æ≤‡Ωì‡ºã‡Ωë‡Ωñ‡Ω¢‡ºã‡ΩÇ‡æ±‡Ω≤‡ºã‡Ω†‡Ωñ‡æ≤‡Ω∫‡Ω£‡ºã‡Ωñ‡ºã‡Ω¢‡æí‡æ±‡ΩÑ‡ºã‡Ω¢‡Ω≤‡ΩÑ‡ºã‡Ωë‡Ω¥‡ºã‡Ωï‡æ±‡Ω≤‡Ωì‡ºã‡Ωî‡Ω†‡Ω≤‡ºã‡Ωò‡ΩÑ‡Ωº‡Ωì‡ºã‡Ω¢‡æü‡ΩÇ‡Ω¶‡ºç ‡ºº‡Ω†‡Ωë‡Ωº‡Ωì‡ºã‡Ωê‡Ω∫‡ΩÑ‡Ω¶‡ºã ‡º§‡º•‡ºΩ,https://youtu.be/ekVJnX6ZycA?si=pSqfG36Lmx1pYVlW,2021.0,Kunga tashi,Good,US,Male,60-70,True,00:24:51
51,STT_PC0051,‡Ω¢‡æí‡æ±‡ºã‡ΩÇ‡Ω¢‡ºã‡ΩÇ‡æ±‡Ω≤‡Ω¶‡ºã‡Ω¶‡æ§‡Ω¢‡ºã‡Ωñ‡Ω†‡Ω≤‡ºã‡Ωò‡Ω∫‡ºç VS ‡Ω¢‡æí‡æ±‡ºã‡Ωì‡ΩÇ‡ºã‡ΩÇ‡Ω≤‡Ω¶‡ºã‡Ω¶‡æ§‡Ω¢‡ºã‡Ωñ‡Ω†‡Ω≤‡ºã‡Ωò‡Ω∫‡ºç ‡ºº‡Ω†‡Ωë‡Ωº‡Ωì‡ºã‡Ωê‡Ω∫‡ΩÑ‡Ω¶‡ºã ‡º§‡º¶‡ºΩ,https://youtu.be/OCxchhVDfMg?si=uoWCz2quynYQ4ybo,2021.0,Kunga tashi,Good,US,Male,60-70,True,00:29:20
52,STT_PC0052,‡Ωû‡Ω≤‡ºã‡ΩÖ‡Ω≤‡Ωì‡ºã‡Ωï‡Ω≤‡ΩÑ‡ºã‡ΩÇ‡Ω≤‡Ω¶‡ºã‡Ωñ‡æ≥‡Ωº‡Ω¶‡ºã‡Ω†‡ΩÅ‡Ω∫‡Ω£‡ºã‡Ω§‡Ωº‡Ω¶‡ºã‡Ω¶‡Ω¥‡ºã‡Ω°‡Ω≤‡Ωì‡ºã‡Ωì‡Ωò‡ºç ‡ºº‡Ω†‡Ωë‡Ωº‡Ωì‡ºã‡Ωê‡Ω∫‡ΩÑ‡Ω¶‡ºã ‡º§‡ºß‡ºΩ,https://youtu.be/4h_a19hBSso?si=6R9-UgVbvOBQvOml,2021.0,Kunga tashi,Good,US,Male,60-70,True,00:27:08
53,STT_PC0053,‡Ωë‡æ≤‡Ω¥‡ΩÇ‡ºã‡Ωñ‡Ωû‡Ω≤‡Ω†‡Ω≤‡ºã‡Ωë‡Ωº‡Ωì‡ºã‡Ω¢‡æê‡æ±‡Ω∫‡Ωì‡ºã‡Ωë‡ΩÑ‡ºã‡Ωñ‡Ωº‡Ωë‡ºã‡Ωë‡Ωº‡Ωì‡ºç ‡ºº‡Ω†‡Ωë‡Ωº‡Ωì‡ºã‡Ωê‡Ω∫‡ΩÑ‡Ω¶‡ºã ‡º§‡º®‡ºΩ,https://youtu.be/TZORVUnfqXE?si=1UP9EhbeqSPfsDos,2021.0,Kunga tashi,Good,US,Male,60-70,True,00:28:05
54,STT_PC0054,‡Ω®‡ºã‡Ω¢‡Ω≤‡Ω†‡Ω≤‡ºã‡ΩÇ‡æ≤‡Ωº‡Ω¶‡ºã‡Ωö‡Ωº‡ΩÇ‡Ω¶‡ºã‡Ω†‡Ωê‡Ω¥‡Ω¶‡ºã‡Ωò‡Ω≤‡ºã‡Ωê‡Ω∫‡ºã‡Ωù‡Ωì‡ºã‡Ωë‡Ω¥‡ºã‡Ωï‡Ω∫‡Ωñ‡Ω¶‡ºã‡Ωî‡ºã‡Ω†‡Ωë‡Ω≤‡Ω¶‡ºã‡Ω¢‡æí‡æ±‡ºã‡Ωì‡ΩÇ‡ºã‡Ω£‡ºã‡Ωñ‡Ω¢‡æ°‡ºã‡Ω£‡Ωì‡ºã‡ΩÇ‡ºã‡Ω¢‡Ω∫‡ºã‡Ωñ‡Ωè‡ΩÑ‡ºã‡Ω°‡Ωº‡Ωë‡ºã‡Ωë‡Ωò‡ºç ‡ºº‡Ω†‡Ωë‡Ωº‡Ωì‡ºã‡Ωê‡Ω∫‡ΩÑ‡Ω¶‡ºã ‡º§‡º©‡ºΩ,https://youtu.be/B5VSz6SSVA0?si=QUYJbfqN7xI8Ahqx,2021.0,Kunga tashi,Good,US,Male,60-70,True,00:26:56
55,STT_PC0055,‡Ω¢‡æí‡æ±‡ºã‡Ωì‡ΩÇ‡ºã‡ΩÇ‡Ω≤‡ºã‡ΩÇ‡Ω¶‡ΩÑ‡ºã‡Ωñ‡Ω†‡Ω≤‡ºã‡Ωë‡Ωî‡Ωº‡Ωì‡ºã‡Ω¢‡Ω≤‡ΩÇ‡Ω¶‡ºã‡Ω®‡ºã‡Ω¢‡Ω≤‡Ω¢‡ºã‡Ωò‡ΩÇ‡Ωº‡ºã‡Ωñ‡Ωè‡ΩÇ‡Ω¶‡ºã‡Ωû‡Ω¥‡Ω¶‡ºã‡Ω°‡Ωº‡Ωë‡ºã‡Ωë‡Ωò‡ºç ‡ºº‡Ω†‡Ωë‡Ωº‡Ωì‡ºã‡Ωê‡Ω∫‡ΩÑ‡Ω¶‡ºã ‡º•‡º†‡ºΩ,https://youtu.be/xxUY7bBSYAo?si=fnGKRdjM6vRFE8-s,2021.0,Kunga tashi,Good,US,Male,60-70,True,00:25:08
56,STT_PC0056,[Champa Talk Show ‡Ωñ‡æ±‡Ωò‡Ω¶‡ºã‡Ωî‡Ω†‡Ω≤‡ºã‡ΩÅ‡ºã‡Ωñ‡Ω¢‡æ°‡ºç] Dra‚Äônyan on the Plateau,https://youtu.be/hGKDvNb7CtE?si=CUD6_AMR_h7J_Shf,2023.0,Champa Talk Show,Good,India,Male,50-60,True,00:25:00
57,STT_PC0057,[Champa Talk Show ‡Ωñ‡æ±‡Ωò‡Ω¶‡ºã‡Ωî‡Ω†‡Ω≤‡ºã‡ΩÅ‡ºã‡Ωñ‡Ω¢‡æ°‡ºç] The Tibetan Food Industry,https://youtu.be/--EPONV9Ypc?si=o-AzpYcuf1v-MIuj,2023.0,Champa Talk Show,Good,India,Male,40-50,True,00:25:00
58,STT_PC0058,Tibetan Program-Champa Talk Show-Tibetan Musician Bianluo,https://youtu.be/0UovJmqMhJ8?si=p2Arlq1lFyYRo0Or,2026.0,Champa Talk Show,Good,India,Male,40-50,True,00:25:01
59,STT_PC0059,‡Ωñ‡Ωº‡Ωë‡ºã‡ΩÄ‡æ±‡Ω≤‡ºã‡Ω¶‡æ≥‡Ωº‡Ωñ‡ºã‡ΩÜ‡Ω∫‡Ωì‡ºã‡ΩÇ‡æ±‡Ω≤‡ºã‡Ωë‡ΩÇ‡Ω∫‡ºã‡Ω¢‡æí‡Ωì‡ºã‡ΩÅ‡æ≤‡Ω∫‡ºã‡Ωè‡Ωº‡ºã‡Ω¢‡Ω∫‡ºã‡Ωò‡ΩÜ‡Ωº‡ΩÇ‡ºã‡Ω¶‡æ≥‡Ωº‡Ωñ‡ºã‡ΩÇ‡Ω¶‡Ωº‡ºç ‡ΩÑ‡Ω∫‡Ω¶‡ºã‡Ωî‡Ω¢‡ºã‡Ωë‡Ω¥‡ºã‡Ωö‡Ω¢‡ºã‡Ω¢‡Ω∫‡ºã‡Ωâ‡Ωº‡Ωì‡ºã‡Ωë‡ΩÑ‡ºã‡ºç ‡Ωñ‡æ≥‡Ωº‡ºã‡Ωñ‡Ω¶‡æê‡æ±‡Ω∫‡Ωë‡ºã‡Ωê‡Ωº‡Ωñ‡ºã‡ΩÑ‡Ω∫‡Ω¶,https://youtu.be/d0C25kx8BRM?si=opgGuIKfWzeZA-wg,2023.0,T Tador,Good,India,Male,40-50,True,00:17:14
60,STT_PC0060,‡ΩÇ‡Ω¶‡Ω¥‡ΩÑ‡Ω¶‡ºã‡Ωñ‡Ω§‡Ωë‡ºã‡Ωî‡ºç ‡ΩÅ‡æ≤‡Ω≤‡ºã‡Ωè‡Ωº‡ºã‡Ω¢‡Ω∫‡ºç ‡Ωñ‡Ω¢‡æó‡Ωº‡Ωë‡ºã‡Ωñ‡æ±‡ºç ‡Ωë‡Ωî‡Ω∫‡ºã‡ΩÄ‡æ≥‡Ωº‡ΩÇ‡ºã‡Ωë‡ΩÑ‡ºã‡Ωï‡æ≤‡Ω¥‡ºã‡ΩÇ‡Ω¥‡ºç || ‡Ωö‡Ω¢‡ºã‡Ω¢‡Ω∫‡Ω¢‡ºã‡Ωâ‡Ωº‡Ωì‡ºã‡Ωë‡ΩÑ‡ºã‡ΩÅ‡æ±‡Ω∫‡Ωë‡ºã‡Ω¢‡ΩÑ‡Ω†‡ΩÇ‡æ±‡Ω¥‡Ω¢‡ºã‡Ωñ‡ºã‡Ω†‡ΩÇ‡æ≤‡Ωº‡ºã‡ΩÑ‡Ω∫‡Ω¶‡ºç,https://youtu.be/2dc745ohLvg?si=wWI0AXwx5gYdU7wb,2023.0,T Tador,Good,India,Male,40-50,True,00:12:28
61,STT_PC0061,‡Ωì‡ºã‡ΩÇ‡Ωû‡Ωº‡Ωì‡ºã‡Ω°‡Ω¢‡ºã‡Ω¶‡æê‡Ω¥‡Ω£‡ºã‡Ω¶‡æ≥‡Ωº‡Ωñ‡ºã‡ΩÇ‡Ω¶‡Ωº‡ºç ‡ΩÅ‡æ≤‡Ω≤‡ºã‡Ωè‡Ωº‡ºã‡Ω¢‡Ω∫‡ºç ‡ΩÅ‡æ±‡Ω∫‡Ωë‡ºã‡Ω¢‡æ£‡Ωò‡Ω¶‡ºã‡Ωö‡Ω¢‡ºã‡Ω¢‡Ω∫‡Ω¢‡ºã‡Ωâ‡Ωº‡Ωì‡ºã‡Ωë‡ΩÑ‡ºã‡Ωñ‡æ≥‡Ωº‡ºã‡Ωñ‡Ω¶‡æê‡æ±‡Ω∫‡Ωë‡ºã‡Ω¢‡Ω∫‡ºã‡Ωê‡Ωº‡Ωñ‡ºã‡Ωî‡Ω¢‡ºã‡Ω°‡Ω≤‡Ωë‡ºã‡ΩÜ‡Ω∫‡Ω¶‡ºã‡Ωñ‡æ±‡ºã‡ΩÜ‡Ωº‡ΩÇ,https://youtu.be/WFi2PjPpuzQ?si=1GdbZ7Nmj4WtglOS,2023.0,T Tador,Good,India,Male,40-50,True,00:10:00
62,STT_PC0062,‡Ωì‡ºã‡ΩÇ‡Ωû‡Ωº‡Ωì‡ºã‡Ω°‡Ω¢‡ºã‡Ω¶‡æê‡Ω¥‡Ω£‡ºã‡Ω¶‡æ≥‡Ωº‡Ωñ‡ºã‡ΩÇ‡Ω¶‡Ωº‡ºç ‡ΩÅ‡æ≤‡Ω≤‡ºã‡Ωè‡Ωº‡ºã‡Ω¢‡Ω∫‡ºç ‡ΩÅ‡æ±‡Ω∫‡Ωë‡ºã‡ΩÄ‡æ±‡Ω≤‡ºã‡Ωö‡Ω¢‡ºã‡Ω¢‡Ω∫‡Ω¢‡ºã‡Ωâ‡Ωº‡Ωì‡ºã‡Ωë‡ΩÑ‡ºã‡Ωò‡Ω≤‡ºã‡Ωö‡Ω∫‡Ω†‡Ω≤‡ºã‡Ω†‡ΩÇ‡æ±‡Ω¥‡Ω¢‡ºã‡Ωñ‡ºã‡ΩÇ‡Ωè‡Ωº‡ΩÑ‡ºã‡Ωê‡Ω¥‡Ωñ‡ºç,https://youtu.be/DAv9jPFMdpQ?si=0K3mgf9vlkfA_E07,2023.0,T Tador,Good,India,Male,40-50,True,00:10:00
63,STT_PC0063,‡Ωì‡ºã‡ΩÇ‡Ωû‡Ωº‡Ωì‡ºã‡Ω°‡Ω¢‡ºã‡Ω¶‡æê‡Ω¥‡Ω£‡ºã‡Ω¶‡æ≥‡Ωº‡Ωñ‡ºã‡ΩÇ‡Ω¶‡Ωº‡ºç ‡ΩÇ‡Ω¶‡Ω¥‡ΩÑ‡ºã‡Ωñ‡Ω§‡Ωë‡ºã‡Ωî‡ºç ‡Ωñ‡Ωº‡Ωë‡ºã‡Ωì‡ΩÑ‡ºã‡Ω§‡Ω≤‡Ωì‡ºã‡Ωè‡Ω¥‡ºã‡ΩÇ‡æ≤‡ΩÇ‡Ω¶‡ºã‡ΩÜ‡Ω∫‡ºã‡Ωñ‡Ω†‡Ω≤‡ºã‡ºã‡Ω¶‡æ≥‡Ωº‡Ωñ‡ºã‡ΩÇ‡Ω¶‡Ωº‡ºã‡Ωñ‡ºã‡ΩÜ‡Ω∫‡Ωì‡ºã‡Ωò‡Ωº‡ºã‡ΩÅ‡æ≤‡Ω≤‡ºã‡Ωè‡Ωº‡ºã‡Ω¢‡Ω∫‡ºç,https://youtu.be/ulCG1LZiJpg?si=DrzXGg36IgfSfFSn,2023.0,T Tador,Good,India,Male,40-50,True,00:10:02
64,STT_PC0064,‡ΩÅ‡æ±‡Ω≤‡Ωò‡ºã‡Ωö‡ΩÑ‡ºã‡ΩÇ‡Ω≤‡ºã‡Ω¶‡æ≥‡Ωº‡Ωñ‡ºã‡ΩÇ‡Ω¶‡Ωº‡ºç ‡Ω¢‡æí‡Ωì‡ºã‡ΩÅ‡æ≤‡Ω≤‡ºã‡Ωè‡Ωº‡ºã‡Ω¢‡Ω∫‡ºç ‡ΩÅ‡æ±‡Ω≤‡Ωò‡ºã‡Ωñ‡Ωë‡ΩÇ‡ºã‡ΩÑ‡Ω∫‡Ω¶‡ºã‡Ωî‡Ω¢‡ºã‡Ωë‡Ω¥‡ºã‡Ωâ‡Ωº‡Ωì‡ºç ‡Ωñ‡Ω¥‡ºã‡Ωï‡æ≤‡Ω¥‡ΩÇ‡ºã‡ΩÇ‡Ω≤‡ºã‡Ωò‡Ω≤‡ºã‡Ωö‡Ω∫‡Ω¢‡ºã‡Ω¢‡Ω≤‡Ωì‡ºã‡Ωê‡ΩÑ‡ºã‡Ω°‡Ωº‡Ωë‡ºã‡Ωî‡ºã‡Ωñ‡Ωü‡Ωº‡Ω¶‡ºã‡Ωê‡Ω¥‡Ωñ,https://youtu.be/_uaiPMtuPkg?si=20EIJ1QXrwNLDYpX,2023.0,T Tador,Good,India,Male,40-50,True,00:22:07
65,STT_PC0065,‡Ωì‡ºã‡ΩÇ‡Ωû‡Ωº‡Ωì‡ºã‡Ω°‡Ω¢‡ºã‡Ω¶‡æê‡Ω¥‡Ω£‡ºã‡Ω¶‡æ≥‡Ωº‡Ωñ‡ºã‡ΩÇ‡Ω¶‡Ωº‡ºç ‡Ωë‡Ω∫‡ΩÑ‡ºã‡Ωë‡Ω¥‡Ω¶‡ºã‡Ωñ‡Ωº‡Ωë‡ºã‡Ωì‡ΩÑ‡ºã‡ΩÇ‡Ω≤‡ºã‡Ω¶‡æ≥‡Ωº‡Ωñ‡ºã‡ΩÇ‡Ω¶‡Ωº‡ºã‡Ωò‡ΩÅ‡Ω¶‡ºã‡Ωë‡Ωñ‡ΩÑ‡ºã‡ΩÜ‡Ω∫‡Ωì‡ºã‡Ωò‡Ωº‡ºç ‡ΩÅ‡æ≤‡Ω≤‡ºã‡Ωè‡Ωº‡ºã‡Ω¢‡Ω∫‡ºç ‡Ωö‡Ωì‡ºã‡Ωî‡ºç ‡Ωñ‡Ωû‡Ω≤‡ºã‡Ωî‡ºç,https://youtu.be/ewxOopSt2kg?si=lS6j2mBbrTo0a_XE,2023.0,T Tador,Good,India,Male,40-50,True,00:10:38
66,STT_PC0066,‡Ω¶‡Ω∫‡Ωò‡Ω¶‡ºã‡ΩÅ‡Ωò‡Ω¶‡ºã‡Ω¶‡æ≥‡Ωº‡Ωñ‡ºã‡ΩÇ‡Ω¶‡Ωº‡ºç ‡Ωë‡Ω∫‡ΩÑ‡ºã‡Ωë‡Ω¥‡Ω¶‡ºã‡Ωñ‡Ωº‡Ωë‡ºã‡Ωì‡ΩÑ‡ºã‡Ω¶‡æ≥‡Ωº‡Ωñ‡ºã‡ΩÇ‡Ω¶‡Ωº‡ºã‡Ωñ‡ºã‡ΩÇ‡æ≤‡ΩÇ‡Ω¶‡ºã‡ΩÜ‡Ω∫‡Ωì‡ºç ‡ΩÅ‡æ≤‡Ω≤‡ºã‡Ωè‡Ωº‡ºã‡Ω¢‡Ω∫‡ºç,https://youtu.be/wgHe0NrCOw8?si=cqGt5tfVZo33HIb-,2023.0,T Tador,Good,India,Male,40-50,True,00:11:57
67,STT_PC0067,‡Ω¶‡Ω∫‡Ωò‡Ω¶‡ºã‡ΩÅ‡Ωò‡Ω¶‡ºã‡ΩÄ‡æ±‡Ω≤‡ºã‡Ω¶‡æ≥‡Ωº‡Ωñ‡ºã‡ΩÇ‡Ω¶‡Ωº‡ºç ‡ΩÅ‡æ≤‡Ω≤‡ºã‡Ωè‡Ωº‡ºã‡Ω¢‡Ω∫‡ºç ‡Ωö‡Ωì‡ºã‡Ωî‡ºã‡ΩÇ‡Ωâ‡Ω≤‡Ω¶‡ºã‡Ωî‡ºç ‡Ωë‡Ω∫‡ΩÑ‡ºã‡Ωë‡Ω¥‡Ω¶‡ºã‡Ωñ‡Ωº‡Ωë‡ºã‡Ωì‡ΩÑ‡ºã‡Ω§‡Ω≤‡Ωì‡ºã‡Ωè‡Ω¥‡ºã‡ΩÇ‡æ≤‡ΩÇ‡Ω¶‡ºã‡ΩÜ‡Ω∫‡ºã‡Ωñ‡Ω†‡Ω≤‡ºã‡Ω¶‡æ≥‡Ωº‡Ωñ‡ºã‡ΩÇ‡Ω¶‡Ωº‡ºã‡Ωñ‡ºã‡Ωò‡ΩÅ‡Ω¶‡ºã‡Ωî,https://youtu.be/r0W9NLwnqoQ?si=pPquSlD-HFATcyJU,2023.0,T Tador,Good,India,Male,40-50,True,00:12:07
68,STT_PC0068,‡Ω¶‡Ω∫‡Ωò‡Ω¶‡ºã‡ΩÅ‡Ωò‡Ω¶‡ºã‡Ω¶‡æ≥‡Ωº‡Ωñ‡ºã‡ΩÇ‡Ω¶‡Ωº‡ºç ‡Ωö‡Ωì‡ºã‡Ωî‡ºã‡ΩÇ‡Ω¶‡Ω¥‡Ωò‡ºã‡Ωî‡ºç ‡ΩÅ‡æ≤‡Ω≤‡ºã‡Ωè‡Ωº‡ºã‡Ω¢‡Ω∫‡ºç ‡Ωë‡Ω∫‡ΩÑ‡ºã‡Ωë‡Ω¥‡Ω¶‡ºã‡Ωñ‡Ωº‡Ωë‡ºã‡Ωì‡ΩÑ‡ºã‡Ω§‡Ω≤‡Ωì‡ºã‡Ωè‡Ω¥‡ºã‡Ω¶‡æê‡Ωë‡ºã‡ΩÇ‡æ≤‡ΩÇ‡Ω¶‡ºã‡ΩÜ‡Ω∫‡ºã‡Ωñ‡Ω†‡Ω≤‡ºã‡Ω¶‡æ≥‡Ωº‡Ωñ‡ºã‡ΩÇ‡Ω¶‡Ωº‡ºã‡Ωñ‡ºã‡Ωò‡ΩÅ‡Ω¶‡ºã‡Ωî‡ºç,https://youtu.be/cxDaK6GyIes?si=caRSl0iUx3mWK4Qf,2023.0,T Tador,Good,India,Male,40-50,True,00:11:34
69,STT_PC0069,‡Ω¶‡æ≥‡Ωº‡Ωñ‡ºã‡ΩÇ‡Ω¶‡Ωº‡ºã‡Ωñ‡ºã‡ΩÅ‡æ≤‡Ω≤‡ºã‡Ωè‡Ωº‡ºã‡Ω¢‡Ω∫‡Ω†‡Ω≤‡ºã‡Ωâ‡Ω≤‡Ωì‡ºã‡ΩÇ‡ΩÖ‡Ω≤‡ΩÇ‡ºã‡ΩÇ‡Ω≤‡ºã‡Ω¢‡Ω≤‡ΩÑ‡ºã‡Ωë‡Ω¥‡Ω¶‡ºã‡Ωö‡Ωº‡Ωë‡ºã‡Ωá‡Ω≤‡ºã‡Ω£‡æü‡Ω¢‡ºã‡Ωñ‡Ω∫‡Ωë‡ºã‡Ω¶‡æ§‡æ±‡Ωº‡Ωë‡ºã‡Ωî‡Ω†‡Ω≤‡ºã‡Ω¶‡æê‡Ωº‡Ω¢‡ºã‡Ωë‡ΩÑ‡ºã‡ºç ‡Ω¢‡ΩÑ‡ºã‡ΩÇ‡Ω≤‡ºã‡Ωò‡Ω≤‡ºã‡Ωö‡Ω∫‡Ω†‡Ω≤‡ºã‡Ωë‡Ωò‡ºã‡Ωñ‡ΩÖ‡Ω†‡ºç,https://youtu.be/zafW5Mz9qQQ?si=qRr_oxQg1gwNEdWe,2023.0,T Tador,Good,India,Male,40-50,True,00:08:53
70,STT_PC0070,‡Ωë‡Ωî‡Ω∫‡ºã‡ΩÄ‡æ≥‡Ωº‡ΩÇ‡ºã‡Ωì‡Ω≤‡ºã‡Ω§‡Ω∫‡Ω¶‡ºã‡Ω¢‡Ωñ‡ºã‡Ω†‡Ωñ‡æ±‡Ω¥‡ΩÑ‡ºã‡ΩÅ‡Ω¥‡ΩÑ‡Ω¶‡ºã‡Ω°‡Ω≤‡Ωì‡ºç ‡Ω¶‡æ≥‡Ωº‡Ωñ‡ºã‡ΩÇ‡Ω¶‡Ωº‡ºã‡Ωñ‡ºã‡Ω¢‡æí‡Ωì‡ºã‡ΩÅ‡æ≤‡Ω∫‡ºã‡Ωè‡Ωº‡ºã‡Ω¢‡Ω∫‡ºç ‡Ωë‡Ωî‡Ω∫‡ºã‡ΩÄ‡æ≥‡Ωº‡ΩÇ‡ºã‡ΩÇ‡Ω≤‡ºã‡Ω¢‡Ω≤‡Ωì‡ºã‡Ωê‡ΩÑ‡ºã‡ΩÇ‡æ≥‡Ω∫‡ΩÑ‡ºã‡Ωñ‡ºç 2024/1/4,https://youtu.be/3NmjeemuHfE?si=WubCzQn9nw43sqLg,2024.0,T Tador,Good,India,Male,40-50,True,00:10:00
71,STT_PC0071,‡Ωë‡Ω¥‡Ω¶‡ºã‡Ωö‡Ωº‡Ωë‡ºã‡ΩÄ‡æ±‡Ω≤‡ºã‡Ω¢‡Ω≤‡Ωì‡ºã‡Ωê‡ΩÑ‡ºã‡ºç ‡Ω¶‡æ≥‡Ωº‡Ωñ‡ºã‡ΩÇ‡Ω¶‡Ωº‡ºã‡Ωñ‡ºç ‡Ω¢‡æí‡Ωì‡ºã‡ΩÅ‡æ≤‡Ω∫‡ºã‡Ωè‡Ωº‡ºã‡Ω¢‡Ω∫‡ºç ‡ΩÅ‡æ±‡Ωº‡Ωë‡ºã‡ΩÄ‡æ±‡Ω≤‡ºã‡Ω£‡Ω¶‡ºã‡Ωû‡Ωº‡Ω¢‡ºã‡Ωë‡Ω¥‡Ω¶‡ºã‡Ωö‡Ωº‡Ωë‡ºã‡Ω¶‡æü‡Ω∫‡ΩÑ‡ºã‡ΩÇ‡ºã‡Ω¢‡Ω∫‡ºã‡ΩÇ‡Ωì‡ΩÑ‡ºã‡ΩÇ‡Ω≤‡ºã‡Ω°‡Ωº‡Ωë‡ºç 2024,https://youtu.be/H4x0Hxj4x-I?si=_ZCx4-KzZF33_eHC,2024.0,T Tador,Good,India,Male,40-50,True,00:09:04
72,STT_PC0072,‡Ωñ‡Ω¥‡ºã‡Ωò‡Ωº‡ºã‡ΩÜ‡Ω¥‡ΩÑ‡ºã‡ΩÜ‡Ω¥‡ΩÑ‡ºã‡ΩÇ‡ΩÖ‡Ω≤‡ΩÇ‡ºã‡ΩÇ‡Ω≤‡ºã‡Ω†‡Ωõ‡Ωò‡ºã‡ΩÇ‡æ≥‡Ω≤‡ΩÑ‡ºã‡ΩÇ‡Ω°‡Ωº‡ºã‡Ω†‡ΩÇ‡Ω¥‡Ω£‡ºã‡Ωñ‡Ωè‡ΩÑ‡ºã‡Ωñ‡ºç ‡Ω¶‡æ≥‡Ωº‡Ωñ‡ºã‡ΩÇ‡Ω¶‡Ωº‡ºã‡Ω¢‡æí‡Ωì‡ºã‡ΩÅ‡æ≤‡Ω∫‡ºã‡Ωè‡Ωº‡ºã‡Ω¢‡Ω∫‡ºç 2024/1/3,https://youtu.be/MtXMyqmfbLg?si=VgpqwU5scCSqxVzI,2024.0,T Tador,Good,India,Male,40-50,True,00:06:14
73,STT_PC0073,‡ΩÇ‡Ωè‡Ωò‡ºã‡Ω¢‡æí‡æ±‡Ω¥‡Ωë‡ºã‡Ωì‡ΩÑ‡ºã‡Ωò‡Ω≤‡ºã‡Ωï‡Ω¥‡Ω£‡ºã‡Ωñ‡æ±‡Ω¥‡ΩÑ‡ºã‡ΩÇ‡Ω≤‡ºã‡Ω®‡ºã‡Ωò‡ºç ‡ΩÇ‡Ω£‡ºã‡Ω¶‡æ≤‡Ω≤‡Ωë‡ºã‡ΩÅ‡æ±‡Ω∫‡Ωë‡ºã‡ΩÄ‡æ±‡Ω≤‡ºã‡Ωï‡æ≤‡Ω¥‡ºã‡ΩÇ‡Ω¥‡Ω†‡Ω≤‡ºã‡Ωò‡Ω≤‡ºã‡Ωö‡Ω∫‡ºã‡Ω†‡Ωº‡Ωë‡ºã‡Ωò‡Ωë‡ΩÑ‡Ω¶‡ºã‡Ω£‡æ°‡Ωì‡ºã‡Ωî‡Ω¢‡ºã‡Ωë‡ΩÇ‡Ωº‡Ω¶‡ºã‡Ωì‡ºã‡Ω†‡Ωë‡Ω≤‡Ω¢‡ºã‡Ω£‡æü‡Ωº‡Ω¶‡ºç,https://youtu.be/FFGemMw2_Eo?si=bBosvmY6n15iC2iE,2024.0,T Tador,Good,India,Male,40-50,True,00:05:47
74,STT_PC0074,‡Ωë‡Ωî‡Ω∫‡ºã‡ΩÄ‡æ≥‡Ωº‡ΩÇ‡ºã‡Ω£‡Ωò‡ºã‡Ω¶‡æü‡Ωº‡Ωì‡ºã‡Ω¶‡æí‡æ≤‡Ωº‡Ωì‡ºã‡Ωò‡Ω∫‡ºç ‡Ω¶‡æ≥‡Ωº‡Ωñ‡ºã‡ΩÇ‡Ω¶‡Ωº‡ºã‡Ωñ‡ºç ‡Ω¢‡æí‡Ωì‡ºã‡ΩÅ‡æ≤‡Ω∫‡ºã‡Ωè‡Ωº‡ºã‡Ω¢‡Ω∫‡ºç 2024,https://youtu.be/6yhPxbBHsI4?si=5IEMXC5GT7n0JxWf,2024.0,T Tador,Good,India,Male,40-50,True,00:10:02
75,STT_PC0075,"‡Ωñ‡Ωº‡Ωë‡ºã‡ΩÄ‡æ±‡Ω≤‡ºã‡Ω£‡Ωº‡ºã‡Ω¢‡æí‡æ±‡Ω¥‡Ω¶‡ºã‡Ω¢‡Ω≤‡ΩÇ‡ºã‡ΩÇ‡Ωì‡Ω¶‡ºã‡ΩÑ‡Ωº‡ºã‡Ω¶‡æ§‡æ≤‡Ωº‡Ωë‡ºç ‡Ω£‡Ω∫‡ºã‡Ωö‡Ωì‡ºã‡Ωë‡ΩÑ‡ºã‡Ωî‡Ωº‡ºç ‡º∏‡Ω¢‡æí‡æ±‡Ω£‡ºã‡Ωë‡Ωñ‡ΩÑ‡ºã‡Ω¶‡æê‡Ω¥‡ºã‡Ωï‡æ≤‡Ω∫‡ΩÑ‡ºã‡Ωë‡ΩÑ‡ºã‡Ωî‡Ωº‡ºç History of Tibet, Ep 01",https://youtu.be/Z-zDjI2HNN0?si=xF6mbypcWduyJ--f,2022.0, Center for Tibetan History,Good,India,Male,30-40,True,00:13:22
76,STT_PC0076,"‡Ωñ‡Ωº‡Ωë‡ºã‡ΩÄ‡æ±‡Ω≤‡ºã‡Ω£‡Ωº‡ºã‡Ω¢‡æí‡æ±‡Ω¥‡Ω¶‡ºã‡Ω¢‡Ω≤‡ΩÇ‡ºã‡ΩÇ‡Ωì‡Ω¶‡ºã‡ΩÑ‡Ωº‡ºã‡Ω¶‡æ§‡æ≤‡Ωº‡Ωë‡ºç ‡Ω£‡Ω∫‡ºã‡Ωö‡Ωì‡ºã‡ΩÇ‡Ωâ‡Ω≤‡Ω¶‡ºã‡Ωî‡ºç History of Tibet, Ep02.",https://youtu.be/OTRz4FjhN70?si=yh_0wwDvnxITJWZi,2023.0, Center for Tibetan History,Good,India,Male,30-40,True,00:15:33
77,STT_PC0077,"‡Ωñ‡Ωº‡Ωë‡ºã‡ΩÄ‡æ±‡Ω≤‡ºã‡Ω£‡Ωº‡ºã‡Ω¢‡æí‡æ±‡Ω¥‡Ω¶‡ºã‡Ω¢‡Ω≤‡ΩÇ‡ºã‡ΩÇ‡Ωì‡Ω¶‡ºã‡ΩÑ‡Ωº‡ºã‡Ω¶‡æ§‡æ≤‡Ωº‡Ωë‡ºç ‡Ω£‡Ω∫‡ºã‡Ωö‡Ωì‡ºã‡ΩÇ‡Ω¶‡Ω¥‡Ωò‡ºã‡Ωî‡ºç History of Tibet, Ep03.",https://youtu.be/n62m_pvBs34?si=WLnxgMExwhtPUqzq,2023.0, Center for Tibetan History,Good,India,Male,30-40,True,00:10:43
78,STT_PC0078,"‡Ωñ‡Ωº‡Ωë‡ºã‡ΩÄ‡æ±‡Ω≤‡ºã‡Ω£‡Ωº‡ºã‡Ω¢‡æí‡æ±‡Ω¥‡Ω¶‡ºã‡Ω¢‡Ω≤‡ΩÇ‡ºã‡ΩÇ‡Ωì‡Ω¶‡ºã‡ΩÑ‡Ωº‡ºã‡Ω¶‡æ§‡æ≤‡Ωº‡Ωë‡ºç ‡Ω£‡Ω∫‡ºã‡Ωö‡Ωì‡ºã‡Ωë‡æ≤‡Ω¥‡ΩÇ‡ºã‡Ωî‡ºç History of Tibet, Ep06",https://youtu.be/3aFQYYwdgYM?si=lqzrS5br3Gyum3FD,2024.0, Center for Tibetan History,Good,India,Male,30-40,True,00:16:08
79,STT_PC0079,"‡Ωñ‡Ωº‡Ωë‡ºã‡ΩÄ‡æ±‡Ω≤‡ºã‡Ω£‡Ωº‡ºã‡Ω¢‡æí‡æ±‡Ω¥‡Ω¶‡ºã‡Ω¢‡Ω≤‡ΩÇ‡ºã‡ΩÇ‡Ωì‡Ω¶‡ºã‡ΩÑ‡Ωº‡ºã‡Ω¶‡æ§‡æ≤‡Ωº‡Ωë‡ºç ‡Ω£‡Ω∫‡ºã‡Ωö‡Ωì‡ºã‡Ωñ‡Ωû‡Ω≤‡ºã‡Ωî‡ºç History of Tibet, Ep04",https://youtu.be/CJgTLWLb0oo?si=0FO_B1KhPCxns84Q,2024.0, Center for Tibetan History,Good,India,Male,30-40,True,00:18:19
80,STT_PC0080,"‡Ωñ‡Ωº‡Ωë‡ºã‡ΩÄ‡æ±‡Ω≤‡ºã‡Ω£‡Ωº‡ºã‡Ω¢‡æí‡æ±‡Ω¥‡Ω¶‡ºã‡Ω¢‡Ω≤‡ΩÇ‡ºã‡ΩÇ‡Ωì‡Ω¶‡ºã‡ΩÑ‡Ωº‡ºã‡Ω¶‡æ§‡æ≤‡Ωº‡Ωë‡ºç ‡Ω£‡Ω∫‡ºã‡Ωö‡Ωì‡ºã‡Ω£‡æî‡ºã‡Ωî‡ºç History of Tibet, Ep05",https://youtu.be/2mx-cx1OrpU?si=1MI1jLQWrlzZIsfu,2024.0, Center for Tibetan History,Good,India,Male,30-40,True,00:16:15
81,STT_PC0081,‡Ωñ‡Ωë‡Ω∫‡ºã‡Ω†‡Ωï‡æ≤‡Ωº‡Ωë‡ºã‡ΩÄ‡æ±‡Ω≤‡ºã‡Ω¢‡æí‡æ±‡Ω¥‡Ωì‡ºã‡Ω§‡Ω∫‡Ω¶‡ºç ‡Ω¶‡æ®‡Ωë‡ºã‡ΩÜ‡ºç,eyes of Tibet,2019.0,eyes of Tibet,Good,India,Male,30-40,True,
82,STT_PC0082,‡Ωñ‡Ωë‡Ω∫‡ºã‡Ω†‡Ωï‡æ≤‡Ωº‡Ωë‡ºã‡ΩÄ‡æ±‡Ω≤‡ºã‡Ω¢‡æí‡æ±‡Ω¥‡Ωì‡ºã‡Ω§‡Ω∫‡Ω¶‡ºç ‡Ω¶‡æü‡Ωº‡Ωë‡ºã‡ΩÜ‡ºç,https://youtu.be/AQraC1DqXOg?si=OEwTnuU4Hkpth0Vd,2019.0,eyes of Tibet,Good,India,Male,30-40,True,00:10:02
83,STT_PC0083,‡Ωï‡Ωº‡ºã‡Ω¶‡æê‡æ≤‡Ωì‡ºã‡Ωì‡Ωë‡ºã‡ΩÄ‡æ±‡Ω≤‡ºã‡Ω¶‡æê‡Ωº‡Ω¢‡ºç ‡º£,https://youtu.be/J1KbuEr4QpY?si=-lMqlnGkgpRHKzX_,2019.0,eyes of Tibet,Good,India,Male,30-40,True,00:10:02
84,STT_PC0084,‡Ωï‡Ωº‡ºã‡Ωñ‡Ω†‡Ω≤‡ºã‡Ωì‡Ωë‡ºã‡ΩÄ‡æ±‡Ω≤‡ºã‡Ωü‡Ω¶‡ºã‡Ω¶‡æ§‡æ±‡Ωº‡Ωë‡ºã‡Ω¶‡æ®‡Ωì‡ºã‡Ωë‡Ωî‡æ±‡Ωë‡ºç ‡Ω¶‡æü‡Ωº‡Ωë‡ºã‡ΩÜ‡ºç,https://youtu.be/hbxAhWrtsQk?si=VSAtAMJWZb7u3XQ7,2019.0,eyes of Tibet,Good,India,Male,30-40,True,00:10:02
85,STT_PC0085,‡Ωï‡Ωº‡ºã‡Ω¶‡æê‡æ≤‡Ωì‡ºã‡Ωì‡Ωë‡ºã‡ΩÄ‡æ±‡Ω≤‡ºã‡Ω¶‡æê‡Ωº‡Ω¢‡ºç ‡º¢,https://youtu.be/zTVzv7EkViI?si=XvHdDrQrgJRmzF45,2019.0,eyes of Tibet,Good,India,Male,30-40,True,00:10:00
86,STT_PC0086,‡Ωï‡Ωº‡ºã‡Ω¶‡æê‡æ≤‡Ωì‡ºã‡Ωì‡Ωë‡ºã‡ΩÄ‡æ±‡Ω≤‡ºã‡Ω¶‡æê‡Ωº‡Ω¢‡ºç ‡º°,https://youtu.be/N5lNrUFymRM?si=yiNX8WCw36v6HHkT,2019.0,eyes of Tibet,Good,India,Male,30-40,True,00:10:00
87,STT_PC0087,‡Ωï‡Ωº‡ºã‡Ωñ‡Ω†‡Ω≤‡ºã‡Ωì‡Ωë‡ºã‡ΩÄ‡æ±‡Ω≤‡ºã‡Ωü‡Ω¶‡ºã‡Ω¶‡æ§‡æ±‡Ωº‡Ωë‡ºã‡Ω¶‡æ®‡Ωì‡ºã‡Ωë‡Ωî‡æ±‡Ωë‡ºç ‡Ω¶‡æ®‡Ωë‡ºã‡ΩÜ‡ºç,https://youtu.be/2899sLqvGac?si=MGD34mpp38hru2FN,2019.0,eyes of Tibet,Good,India,Male,30-40,True,00:10:00
88,STT_PC0088,‡ΩÅ‡æ≤‡ΩÇ‡ºã‡Ω†‡Ωï‡Ω∫‡Ω£‡ºã‡Ωì‡Ωë‡ºã‡ΩÄ‡æ±‡Ω≤‡ºã‡Ωü‡Ω¶‡ºã‡Ω¶‡æ§‡æ±‡Ωº‡Ωë‡ºã‡Ω¶‡æ®‡Ωì‡ºã‡Ωë‡Ωî‡æ±‡Ωë‡ºç ‡Ω¶‡æ®‡Ωë‡ºã‡ΩÜ‡ºç,https://youtu.be/eJCA8v8UE2k?si=HUaHRrvXZC2Gw3FY,2019.0,eyes of Tibet,Good,India,Male,30-40,True,00:10:00
89,STT_PC0089,‡ΩÅ‡æ≤‡ΩÇ‡ºã‡Ω†‡Ωï‡Ω∫‡Ω£‡ºã‡Ωì‡Ωë‡ºã‡ΩÄ‡æ±‡Ω≤‡ºã‡Ωü‡Ω¶‡ºã‡Ω¶‡æ§‡æ±‡Ωº‡Ωë‡ºã‡Ω¶‡æ®‡Ωì‡ºã‡Ωë‡Ωî‡æ±‡Ωë‡ºç ‡Ω¶‡æü‡Ωº‡Ωë‡ºã‡ΩÜ‡ºç,https://youtu.be/UmOG_HcVJ3M?si=ssvEu8H0U-76ZseT,2019.0,eyes of Tibet,Good,India,Male,30-40,True,00:10:01
90,STT_PC0090,‡Ωä‡Ω≤‡ΩÇ‡ºã‡Ωä‡Ωº‡ΩÇ‡ºã‡Ωá‡Ω≤‡ºã‡Ω£‡æü‡Ω¢‡ºã‡Ω¢‡æ©‡Ω≤‡Ω¶‡ºã‡Ωì‡Ωº‡Ω¢‡ºã‡Ωê‡Ω∫‡Ωñ‡Ω¶‡ºã‡Ωî‡ºã‡Ω¢‡Ω∫‡Ωë‡ºç How TikTok Was Blindsided,https://youtu.be/JFJa9JGdfHY?si=SgGgHWDjAqCDyoE2,2024.0,VOA,Good,US,Male,50-60,True,00:22:50
91,STT_PC0091,‡Ω¢‡Ω≤‡ΩÇ‡ºã‡ΩÇ‡Ωì‡Ω¶‡ºã‡ΩÇ‡Ω¶‡Ω¢‡ºã‡Ωñ‡Ω¢‡æó‡Ω∫‡ºã‡ΩÇ‡Ωâ‡Ω≤‡Ω¶‡ºã‡Ωî‡ºã‡Ω¶‡æü‡Ω∫‡ºç ‡ΩÇ‡Ω¥‡ΩÑ‡ºã‡ΩÅ‡æ≤‡Ωì‡ºã‡Ω¢‡Ω≤‡ΩÑ‡ºã‡Ω£‡Ω¥‡ΩÇ‡Ω¶‡ºã‡Ωì‡Ω¶‡ºã‡Ωò‡Ω≤‡ºã‡Ω¢‡Ω≤‡ΩÇ‡Ω¶‡ºã‡Ω¢‡Ω≤‡ΩÑ‡ºã‡Ω£‡Ω¥‡ΩÇ‡Ω¶‡ºç Cultural Revolution 2.0,https://youtu.be/e8hywte9dmY?si=OcfOyD0FRCiadngG,2024.0,VOA,Good,US,Male,50-60,True,00:20:16
92,STT_PC0092,‡ΩÖ‡Ω≤‡Ω†‡Ω≤‡ºã‡Ωï‡æ±‡Ω≤‡Ω¢‡ºã‡Ω¢‡æí‡æ±‡ºã‡Ωì‡ΩÇ‡ºã‡ΩÇ‡Ω≤‡ºã‡Ω¶‡æ≤‡Ω≤‡Ωë‡ºã‡Ωñ‡æ≥‡Ωº‡Ωì‡ºã‡ΩÇ‡æ±‡Ω≤‡ºã‡ΩÇ‡Ω¶‡Ω¢‡ºã‡Ω†‡ΩÇ‡Ωº‡Ωë‡ºã‡Ω£‡æ∑‡Ωì‡ºã‡Ωö‡Ωº‡ΩÇ‡Ω¶‡ºã‡Ωò‡Ω∫‡Ωë‡ºã‡Ωî‡Ω¢‡ºã‡Ωñ‡Ωè‡ΩÑ‡ºã‡Ωñ‡ºã‡Ω¢‡Ω∫‡Ωë‡ºç,https://youtu.be/I4MWHRjAaOs?si=-Jj6-wztPnHCKApl,2024.0,VOA,Good,US,Male,50-60,True,00:18:27
93,STT_PC0093,‡Ω¶‡Ωº‡ºã‡Ω¢‡Ω±‡ºã‡Ω°‡Ω≤‡Ω¶‡ºã‡Ω¢‡æí‡æ±‡ºã‡Ωì‡ΩÇ‡ºã‡ΩÇ‡Ω≤‡ºã‡Ωñ‡ΩÖ‡Ωº‡Ω¶‡ºã‡Ω¢‡Ω≤‡ΩÇ‡ºã‡ΩÄ‡æ≥‡Ωë‡ºã‡Ω¢‡æ©‡ºã‡Ωë‡ΩÄ‡æ≤‡Ω¥‡ΩÇ‡ºã‡Ω†‡Ωë‡Ω¥‡ΩÇ Sora Touches China's AI Nerve,https://youtu.be/iCjtAhMZnuI?si=fQ4gHQM1N84DyFqf,2024.0,VOA,Good,US,Male,50-60,True,00:19:05
94,STT_PC0094,‡Ωê‡Ω∫‡ºã‡Ωù‡Ωì‡ºã‡Ωë‡ΩÑ‡ºã‡Ωâ‡Ω≤‡ºã‡Ωß‡Ωº‡ΩÑ‡ºã‡Ωñ‡Ω¢‡ºã‡ΩÇ‡æ±‡Ω≤‡ºã‡ΩÇ‡æ≥‡Ωº‡ΩÇ‡ºã‡Ω£‡Ω∫‡Ωñ‡ºã‡Ωò‡Ωê‡Ω¥‡Ωì‡ºã‡ΩÇ‡æ≤‡Ωº‡ΩÇ‡Ω¶‡ºçTaiwan-Japan Chip Alliance,https://youtu.be/MYp_Wj7GwwI?si=ULVz6FGoJBa8aMM3,2024.0,VOA,Good,US,Male,50-60,True,00:17:25
95,STT_PC0095,‡Ω¢‡æí‡æ±‡ºã‡Ωì‡ΩÇ‡ºã‡Ωì‡ΩÑ‡ºã‡Ωé‡ºã‡Ωù‡Ω£‡ºã‡Ωé‡Ω≤‡ºã‡Ω£‡æü‡ºã‡Ωñ‡Ω¥‡ºã‡Ωû‡Ω≤‡ΩÇ‡ºã‡Ωò‡Ω∫‡Ωë‡ºã‡Ωî‡ºã‡ΩÇ‡ΩÑ‡ºã‡Ω°‡Ω≤‡Ωì‡ºç Why China Doesn‚Äôt Have an Opposition Leader Like Navalny,https://youtu.be/PK7qqsvOI1o?si=X833yMOZanzwjQ4y,2024.0,VOA,Good,US,Male,50-60,True,00:20:50
96,STT_PC0096,‡Ω¢‡æí‡æ±‡ºã‡Ωì‡ΩÇ‡ºã‡ΩÇ‡Ω≤‡Ω¶‡ºã‡Ωë‡Ωî‡Ω£‡ºã‡Ω†‡Ωñ‡æ±‡Ωº‡Ω¢‡ºã‡ΩÇ‡Ω¶‡Ω¢‡ºã‡Ω†‡ΩÇ‡æ±‡Ω¥‡Ω¢‡ºã‡Ω£‡ºã‡Ωë‡Ωò‡ºã‡Ωë‡æ≤‡ΩÇ‡ºã‡Ωñ‡æ±‡Ω∫‡Ωë‡ºã‡Ωñ‡Ωû‡Ω≤‡Ωì‡ºã‡Ωî‡ºç China Censors Bad News on Economy,https://youtu.be/eVniOxmjJ6E?si=5tBECJlMiug1dXCo,2024.0,VOA,Good,US,Male,50-60,True,00:18:58
97,STT_PC0097,‡Ωë‡ΩÄ‡æ±‡Ω≤‡Ω£‡ºã‡Ω§‡Ω¢‡ºã‡Ω¶‡ºã‡ΩÅ‡Ω¥‡Ω£‡ºã‡Ωë‡Ω¥‡ºã‡Ωë‡Ωò‡Ω≤‡ΩÇ‡Ω¶‡ºã‡Ωî‡Ω†‡Ω≤‡ºã‡Ω†‡Ωê‡Ωñ‡ºã‡Ωá‡Ω¥‡Ω¶‡ºã‡ΩÇ‡Ω¶‡Ω¢‡ºã‡Ωî‡ºç Formulating New Strategic Thinking for the Middle East,https://youtu.be/RDVOPk8M_ME?si=q4nQEM7U7I6gyPSM,2024.0,VOA,Good,US,Male,50-60,True,00:15:39
98,STT_PC0098,‡Ω¢‡æí‡æ±‡ºã‡Ωì‡ΩÇ‡ºã‡ΩÇ‡Ω≤‡ºã‡Ωß‡Ω∫‡ΩÑ‡ºã‡Ωè‡ºã‡Ω¶‡ºã‡ΩÅ‡ΩÑ‡ºã‡Ωö‡Ωº‡ΩÑ‡ºã‡Ω£‡Ω¶‡ºã‡ΩÅ‡ΩÑ‡ºã‡Ωò‡ºã‡Ω¢‡æ©‡ºã‡Ω¢‡æ°‡Ω≤‡Ωñ‡ºã‡Ωî‡ºç The Collapse of China Evergrande,https://youtu.be/c9aAk0DLzcY?si=QmENo-xD1lD0lX0M,2024.0,VOA,Good,US,Male,50-60,True,00:15:57
99,STT_PC0099,‡ΩÄ‡Ω≤‡Ωò‡ºã‡Ωá‡Ωº‡ΩÑ‡ºã‡Ω®‡Ω¥‡Ωì‡ºã‡ΩÇ‡æ±‡Ω≤‡Ω¶‡ºã‡ΩÑ‡Ωº‡ºã‡Ωò‡Ω¢‡ºã‡ΩÇ‡Ωè‡Ωº‡Ω¢‡ºã‡Ω¢‡æí‡Ωº‡Ω£‡ºã‡Ωñ‡æ±‡ºã‡Ω¢‡æí‡æ±‡Ω¥‡ºã‡Ω°‡Ω≤‡Ωì‡ºã‡Ωì‡Ωò‡ºçIs Kim Jong-un Really Planning an Attack,https://youtu.be/re94Rxc-Tqk?si=MlUT8o_vkW1709o_,2024.0,VOA,Good,US,Male,50-60,True,00:14:04
100,STT_PC0100,‡Ω¢‡æí‡æ±‡ºã‡Ωò‡Ω≤‡ºã‡Ωò‡Ω≤‡ºã‡Ω†‡Ωñ‡Ωº‡Ω¢‡ºã‡Ω¢‡Ω≤‡ΩÇ‡ºã‡Ωî‡ºã‡Ωñ‡ºã‡Ωû‡Ω≤‡ΩÇ‡ºã‡ΩÇ‡Ω≤‡ºã‡Ω£‡æü‡ºã‡Ωö‡Ω¥‡Ω£‡ºçViews of a Chinese Demographer,https://youtu.be/63lKZSkvtr4?si=YxPXaVS5UnakCa8h,2024.0,VOA,Good,US,Male,50-60,True,00:29:55
101,STT_PC0101,‡Ω¢‡æí‡æ±‡ºã‡Ωì‡ΩÇ‡ºã‡ΩÇ‡Ω≤‡Ω¶‡ºã‡Ωè‡Ωº‡ΩÇ‡ºã‡Ωë‡Ωñ‡æ±‡Ω≤‡Ωñ‡Ω¶‡ºã‡Ωì‡Ωë‡ºã‡Ωë‡Ω¥‡ΩÇ‡ºã‡ΩÇ‡ºã‡Ωë‡Ω¥‡Ω¶‡ºã‡Ω¢‡æ©‡Ωë‡ºã‡ΩÜ‡Ωº‡Ωë‡ºã‡Ωî‡ºã‡Ω¢‡Ω∫‡Ωë‡ºç When did China Know about Covid ?,https://youtu.be/zgh8sgp_etU?si=rA82nc0CIjZLdGju,2024.0,VOA,Good,US,Male,50-60,True,00:18:43
102,STT_PC0102,‡Ωê‡Ω∫‡ºã‡Ωù‡Ωì‡ºã‡ΩÇ‡æ±‡Ω≤‡ºã‡Ω†‡Ωº‡Ω¶‡ºã‡Ωñ‡Ω¶‡æ°‡Ω¥‡Ω†‡Ω≤‡ºã‡Ω§‡Ω¥‡ΩÇ‡Ω¶‡ºã‡Ω¢‡æê‡æ±‡Ω∫‡Ωì‡ºç Impacts and Implications of the Taiwan Election,https://youtu.be/I75kNEhDyQY?si=TVaVgQlqnmiklzrY,2024.0,VOA,Good,US,Male,50-60,True,00:27:24
103,STT_PC0103,‡Ωê‡Ω∫‡ºã‡Ωù‡Ωì‡ºã‡ΩÇ‡æ±‡Ω≤‡ºã‡Ω†‡Ωº‡Ω¶‡ºã‡Ωñ‡Ω¶‡æ°‡Ω¥‡Ω†‡Ω≤‡ºã‡Ωò‡Ωê‡Ω†‡ºã‡Ωò‡Ω†‡Ω≤‡ºã‡Ωâ‡Ω≤‡Ωì‡ºã‡Ωñ‡Ωû‡Ω≤‡ºç Countdown to the Taiwan Election,https://youtu.be/Q48sAtLv0YY?si=N5JZEnnxFD_6B9Ht,2024.0,VOA,Good,US,Male,50-60,True,00:25:00
104,STT_PC0104,‡Ωû‡Ω≤‡Ω¶‡ºã‡ΩÖ‡Ω≤‡Ωì‡ºã‡Ωï‡Ω≤‡ΩÑ‡ºã‡ΩÇ‡Ω≤‡ºã‡Ω£‡æê‡Ωº‡ΩÇ‡ºã‡Ωü‡ºã‡Ω¢‡Ω¥‡Ω£‡ºã‡Ω¶‡Ω¥‡ΩÑ‡Ω¶‡ºã‡Ω£‡ºã‡ΩÑ‡Ωº‡ºã‡Ω¢‡æí‡Ωº‡Ω£‡ºã‡Ωü‡Ω∫‡Ω¢‡ºã‡Ωñ‡Ω†‡Ω≤‡ºã‡Ω£‡Ω¶‡ºã‡Ω†‡ΩÇ‡Ω¥‡Ω£‡ºç XiJinping's Anti-Corruption Purge Campaign,https://youtu.be/8H4cQRFi8rc?si=p1E9GZ9yy_v-kpxL,2024.0,VOA,Good,US,Male,50-60,True,00:20:19
105,STT_PC0105,‡Ωò‡Ω†‡Ωº‡ºã‡Ω°‡Ω≤‡ºã‡Ω¶‡æê‡æ±‡Ω∫‡Ω¶‡ºã‡Ω¶‡æê‡Ω¢‡ºã‡Ωâ‡Ω≤‡Ωì‡ºã‡ΩÇ‡æ±‡Ω≤‡ºã‡Ωü‡ΩÑ‡ºã‡Ωü‡Ω≤‡ΩÑ‡ºã‡Ω†‡ΩÅ‡æ≤‡Ωñ‡ºã‡Ω¶‡æü‡Ωº‡Ωì‡ºç The Absurdity of Mao's Birthday,https://youtu.be/sluTemix9Wk?si=pubM1CbDNjpneIcS,2023.0,VOA,Good,US,Male,50-60,True,00:18:46
106,STT_PC0106,‡º¢‡º†‡º¢‡º£‡ºã‡Ω¶‡æü‡Ω∫‡ºã‡Ω¢‡æí‡æ±‡ºã‡Ωì‡ΩÇ‡ºã‡Ω£‡ºã‡Ω†‡ΩÇ‡æ±‡Ω¥‡Ω¢‡ºã‡Ω£‡æ°‡Ωº‡ΩÇ‡ºã‡ΩÜ‡Ω∫‡ºã‡Ωñ‡Ω†‡Ω≤‡ºã‡Ω£‡Ωº‡ºã‡Ωû‡Ω≤‡ΩÇ 2023: A Watershed Year for China,https://youtu.be/gRxdZ99qLsc?si=uMJ_W668U_eznJil,2023.0,VOA,Good,US,Male,50-60,True,00:20:30
107,STT_PC0107,‡º°‡º©‡º§‡º®‡ºã‡Ω£‡Ωº‡Ω†‡Ω≤‡ºã‡Ω£‡Ωº‡ºã‡Ω¢‡æí‡æ±‡Ω¥‡Ω¶‡ºç Understanding 1948,https://youtu.be/rg1UiOdlf_I?si=2c6YZ4eKk0emicbf,2023.0,VOA,Good,US,Male,50-60,True,00:19:48
108,STT_PC0108,‡Ω¢‡æí‡æ±‡ºã‡Ωò‡Ω≤‡ºã‡ΩÇ‡Ωû‡Ωº‡Ωì‡ºã‡Ω¶‡æê‡æ±‡Ω∫‡Ω¶‡ºã‡Ωö‡Ωº‡Ω†‡Ω≤‡ºã‡Ωò‡ΩÑ‡Ωº‡Ωì‡ºã‡ΩÜ‡Ω¥‡ΩÑ‡ºã‡ΩÇ‡Ω≤‡ºã‡ΩÑ‡Ωº‡ºã‡Ω£‡Ωº‡ΩÇ The Quite Revolt of Young Chinese,https://youtu.be/Tj80993yrrI?si=uBBOtJJSJbFldu6T,2023.0,VOA,Good,US,Male,50-60,True,00:20:03
109,STT_PC0109,‡Ωê‡Ω∫‡ºã‡Ωù‡Ωì‡ºã‡ΩÇ‡æ±‡Ω≤‡ºã‡Ω¶‡æ≤‡Ω≤‡Ωë‡ºã‡Ω†‡Ωõ‡Ω≤‡Ωì‡ºã‡ΩÇ‡Ωû‡Ωº‡Ωì‡ºã‡Ωî‡Ω†‡Ω≤‡ºã‡Ω†‡Ωº‡Ω¶‡ºã‡Ωò‡Ω≤‡Ω†‡Ω≤‡ºã‡Ω§‡Ω¥‡ΩÇ‡Ω¶‡ºã‡Ω¢‡æê‡æ±‡Ω∫‡Ωì‡ºç Vice President Candidates on Taiwan's Election,https://youtu.be/s5OtCL8chw0?si=cdQcxoxk0XRSTH0O,2023.0,VOA,Good,US,Male,50-60,True,00:20:58
110,STT_PC0110,‡Ω†‡Ωñ‡Ω¢‡ºã‡Ωò‡Ω†‡Ω≤‡ºã‡Ω¶‡æ§‡Ω¥‡Ωì‡ºã‡ΩÇ‡Ω¶‡Ω¥‡Ωò‡ºã‡Ωò‡Ωê‡Ω¥‡Ωì‡ºã‡ΩÇ‡æ≤‡Ωº‡ΩÇ‡Ω¶‡ºã‡Ωë‡Ωò‡ΩÇ‡ºã‡Ωë‡Ωî‡Ω¥‡ΩÑ‡ºã‡ºç Three Brotherhood Alliance and the Burma Junta,https://youtu.be/JjA-dlYL7AM?si=qbRXbh4YHwMKl-77,2023.0,VOA,Good,US,Male,50-60,True,00:27:46
111,STT_PC0111,‡Ω†‡Ωñ‡æ≤‡Ω¶‡ºã‡Ωë‡ΩÑ‡ºã‡Ω¶‡æí‡Ωº‡ºã‡ΩÑ‡ºã‡Ωñ‡Ω¢‡æî‡Ωº‡Ω¶‡ºã‡Ωî‡Ω†‡Ω≤‡ºã‡Ωâ‡Ω∫‡Ωì‡ºã‡ΩÅ‡ºç The Risk of Egg Fried Rice in China,https://youtu.be/WHhcyRJ24ug?si=owExVraDs2Q7tBUD,2023.0,VOA,Good,US,Male,50-60,True,00:18:45
112,STT_PC0112,‡Ω¢‡æí‡æ±‡ºã‡Ωì‡ΩÇ‡ºã‡ΩÇ‡Ω≤‡Ω¶‡ºã‡Ωê‡Ω∫‡ºã‡Ωù‡Ωì‡ºã‡Ω£‡ºã‡ΩÇ‡Ωè‡Ωº‡Ω¢‡ºã‡Ω¢‡æí‡Ωº‡Ω£‡ºã‡Ωñ‡æ±‡ºã‡Ω¶‡æ≤‡Ω≤‡Ωë‡ºã‡Ωë‡Ωò‡ºç Would China Attack Taiwan ?,https://youtu.be/8Hl5c-WukV4?si=M0vElbDGjZ9g2WB_,2023.0,VOA,Good,US,Male,50-60,True,00:23:38
113,STT_PC0113,‡Ω†‡ΩÇ‡ΩÇ‡ºã‡Ω¢‡æ©‡Ω†‡Ω≤‡ºã‡Ωë‡Ω¥‡Ω¶‡ºã‡Ω¶‡Ω¥‡ºã‡Ωñ‡Ω¶‡æ≥‡Ω∫‡Ωñ‡Ω¶‡ºã‡Ωî‡Ω†‡Ω≤‡ºã‡Ωê‡Ω∫‡ºã‡Ωù‡Ωì‡ºã‡ΩÇ‡æ±‡Ω≤‡ºã‡Ω†‡Ωº‡Ω¶‡ºã‡Ωñ‡Ω¶‡æ°‡Ω¥‡ºç The Crossroads of the Taiwan Presidential Election,https://youtu.be/AYqkeWBY93s?si=2QhoYX45aqlIQdcY,2023.0,VOA,Good,US,Male,50-60,True,00:19:34
114,STT_PC0114,‡Ωû‡Ω†‡Ωº‡ºã‡Ωò‡Ω∫‡ºã‡ΩÜ‡Ω≤‡ΩÑ‡ºã‡Ωê‡Ω∫‡ºã‡Ωù‡Ωì‡ºã‡ΩÇ‡æ±‡Ω≤‡ºã‡Ω¶‡æ≤‡Ω≤‡Ωë‡ºã‡Ω†‡Ωõ‡Ω≤‡Ωì‡ºã‡ΩÇ‡Ωû‡Ωº‡Ωì‡ºã‡Ωî‡Ω†‡Ω≤‡ºã‡Ω†‡Ωº‡Ω¶‡ºã‡Ωò‡Ω≤‡Ω¢‡ºã‡Ω£‡ΩÑ‡Ω¶‡ºç Hsiao as Vice Presidential Candidate for Taiwan,https://youtu.be/7qMAL0DAeXI?si=x62nkA6UwHbNDben,2023.0,VOA,Good,US,Male,50-60,True,00:22:37
115,STT_PC0115,‡Ωñ‡Ω¶‡Ωò‡ºã‡Ωñ‡æ≥‡Ωº‡ºã‡ΩÇ‡Ω¥‡ºã‡Ω°‡ΩÑ‡Ω¶‡ºã‡ΩÖ‡Ωì‡ºã‡ΩÇ‡æ±‡Ω≤‡ºã‡Ω†‡ΩÇ‡Ωº‡ºã‡ΩÅ‡æ≤‡Ω≤‡Ωë‡ºã‡ΩÖ‡Ω≤‡ΩÇ‡ºã‡Ωò‡ΩÅ‡Ωº‡ºã‡ΩÑ‡Ω∫‡Ω¶‡ºã‡Ωò‡Ω≤‡Ωì‡ºã‡Ωì‡Ωò‡ºç Does an Open-Minded Leader Matter in China?,https://youtu.be/vCMmp_rkE0c?si=H0XNXMGMSrY9EYki,2023.0,VOA,Good,US,Male,50-60,True,00:15:18
116,STT_PC0116,‡Ω£‡Ω≤‡ºã‡ΩÅ‡Ω∫‡ºã‡ΩÜ‡ΩÑ‡ºã‡ºç Li Keqiang,https://youtu.be/9ukFJQFbZdc?si=tKDQqOsJ9TDXJ9eB,2023.0,VOA,Good,US,Male,50-60,True,00:21:31
117,STT_PC0117,‡Ωê‡Ω∫‡ºã‡Ωù‡Ωì‡ºã‡ΩÇ‡æ±‡Ω≤‡ºã‡Ω¶‡æ≤‡Ω≤‡Ωë‡ºã‡Ω†‡Ωõ‡Ω≤‡Ωì‡ºã‡Ω†‡Ωº‡Ω¶‡ºã‡Ωò‡Ω≤‡ºç Candidates of Taiwan Presidential Election,https://youtu.be/MYiaehvtoVQ?si=Q6ocyRNWm2KUR-hv,2023.0,VOA,Good,US,Male,50-60,True,00:21:01
118,STT_PC0118,‡Ωë‡ΩÄ‡æ±‡Ω≤‡Ω£‡ºã‡Ω§‡Ω¢‡ºã‡Ω°‡Ω¥‡Ω£‡ºã‡ΩÇ‡æ≤‡Ω¥‡ºã‡Ωë‡ΩÑ‡ºã‡Ω®‡ºã‡Ω¢‡Ω≤‡ºç Middle East and the US,https://youtu.be/xV4MPqMcnBY?si=4xE2p09RI_LK-nN_,2023.0,VOA,Good,US,Male,50-60,True,00:20:46
119,STT_PC0119,‡Ω¢‡æí‡æ±‡Ω¥‡Ωë‡ºã‡ΩÇ‡ΩÖ‡Ω≤‡ΩÇ‡ºã‡Ω£‡Ωò‡ºã‡ΩÇ‡ΩÖ‡Ω≤‡ΩÇ‡ºã‡Ωë‡ΩÑ‡ºã‡Ωñ‡Ω£‡ºã‡Ω°‡Ω¥‡Ω£‡ºã‡ΩÇ‡æ±‡Ω≤‡ºã‡ΩÇ‡Ωì‡Ωò‡ºã‡Ωê‡ΩÑ‡ºã‡ºç A Belt and Road Project in Nepal,https://youtu.be/t_On51EUW9k?si=j8qv3tDNS_2FMV4p,2023.0,VOA,Good,US,Male,50-60,True,00:21:21
120,STT_PC0120,‡Ω¢‡æí‡æ±‡Ω¥‡Ωë‡ºã‡ΩÇ‡ΩÖ‡Ω≤‡ΩÇ‡ºã‡Ω£‡Ωò‡ºã‡ΩÇ‡ΩÖ‡Ω≤‡ΩÇ‡ºã‡ΩÇ‡Ω≤‡ºã‡Ωò‡Ωë‡Ω¥‡Ωì‡ºã‡Ω£‡Ωò‡ºã‡Ω£‡ºã‡ΩÑ‡Ω∫‡Ω¶‡ºã‡ΩÇ‡Ωè‡Ωì‡ºã‡Ωñ‡æ≤‡Ω£‡ºç Uncertain Future of the Belt and Road,https://youtu.be/BJIl--6SLL4?si=uaTmkVQUi4bm1RZH,2023.0,VOA,Good,US,Male,50-60,True,00:19:05
121,STT_PC0121,‡Ω£‡Ω≤‡ºã‡Ωß‡æ≤‡ΩÑ‡ºã‡Ωß‡æ•‡Ω¥‡ºã‡ΩÇ‡ΩÑ‡ºã‡Ωë‡Ω¥‡ºã‡Ω°‡Ωº‡Ωë‡ºã‡Ωë‡Ωò‡ºç Where is Li Shangfu?,https://youtu.be/Q0I0DXLnVVg?si=vAp1VROKGiiIlklg,2023.0,VOA,Good,US,Male,50-60,True,00:21:38
122,STT_PC0122,‡Ω¢‡æí‡æ±‡ºã‡Ωì‡ΩÇ‡ºã‡ΩÇ‡Ω≤‡ºã‡ΩÅ‡ΩÑ‡ºã‡Ωö‡Ωº‡ΩÑ‡ºã‡Ω£‡Ω¶‡ºã‡ΩÄ‡æ±‡Ω≤‡ºã‡Ωë‡ΩÄ‡Ω†‡ºã‡ΩÑ‡Ω£‡ºã‡Ω¶‡Ω∫‡Ω£‡ºã‡Ωò‡Ω≤‡ºã‡Ωê‡Ω¥‡Ωñ‡ºã‡Ωî‡Ω†‡Ω≤‡ºã‡Ω¢‡æí‡æ±‡Ω¥‡ºã‡Ω¢‡æê‡æ±‡Ω∫‡ΩìWhy It‚Äôs So Hard to Fix China‚Äôs Real Estate,https://youtu.be/KmmyDcc8o7Y?si=u7kMDoh7J4Hn3qkR,2023.0,VOA,Good,US,Male,50-60,True,00:21:22
123,STT_PC0123,"‡Ωù‡Ω∫‡ºã‡Ωè‡Ω∫‡ºã‡Ωì‡Ωò‡ºã‡Ωë‡ΩÑ‡ºã‡Ω®‡ºã‡Ω¢‡Ω≤‡ºç ‡Ω¢‡æí‡æ±‡ºã‡Ωì‡ΩÇ Vietnam, US and China",https://youtu.be/pmw6NksHwDc?si=t4pnITxtW9Kh3mcR,2023.0,VOA,Good,US,Male,50-60,True,00:21:42
124,STT_PC0124,‡Ωû‡Ω≤‡Ω¶‡ºã‡ΩÖ‡Ω≤‡Ωì‡ºã‡Ωï‡Ω≤‡ΩÑ‡ºãG20‡ºã‡Ω£‡æ∑‡Ωì‡ºã‡Ωö‡Ωº‡ΩÇ‡Ω¶‡ºã‡Ω£‡ºã‡Ωû‡Ω¥‡ΩÇ‡Ω¶‡ºã‡ΩÄ‡æ±‡Ω≤‡ºã‡Ωò‡Ω∫‡Ωë‡ºã‡Ωî‡ºç Xi Jinping Skipping G20,https://youtu.be/N8EkPZNOE-g?si=RJqggsTgsS8TS-2G,2023.0,VOA,Good,US,Male,50-60,True,00:20:19
125,STT_PC0125,‡Ω¢‡æí‡æ±‡ºã‡Ωì‡ΩÇ‡ºã‡ΩÇ‡Ω≤‡ºã‡Ω¶‡ºã‡ΩÅ‡ΩÑ‡ºã‡Ωö‡Ωº‡ΩÑ‡ºã‡Ω£‡Ω¶‡ºã‡ΩÅ‡ΩÑ‡ºã‡ΩÜ‡Ω∫‡ºã‡Ω§‡Ωº‡Ω¶‡ºã‡ΩÇ‡Ωâ‡Ω≤‡Ω¶‡ºç Crisis of Evergrande to Country Garden,https://youtu.be/fW0_QtJcVeY?si=IP5Lpas3Yp5c_9UB,2023.0,VOA,Good,US,Male,50-60,True,00:23:00
126,STT_PC0126,‡Ω¢‡æí‡æ±‡ºã‡Ωì‡ΩÇ‡ºã‡ΩÇ‡Ω≤‡ºã‡Ω¶‡ºã‡ΩÅ‡ΩÑ‡ºã‡Ωö‡Ωº‡ΩÑ‡ºã‡Ω£‡Ω¶‡ºã‡Ωâ‡Ωò‡Ω¶‡ºã‡Ωî‡Ω†‡Ω≤‡ºã‡Ω¢‡æí‡æ±‡Ω¥‡ºã‡Ω¢‡æê‡æ±‡Ω∫‡Ωì‡ºç Underlying Causes of China's Housing Market Crisis,https://youtu.be/I8PdZZWb6Cw?si=6TtBdQIXnnFWI7r2,2023.0,VOA,Good,US,Male,50-60,True,00:19:55
127,STT_PC0127,‡Ωâ‡Ω≤‡ºã‡Ωß‡Ωº‡ΩÑ‡ºã‡Ω£‡ºã‡ΩÑ‡Ωº‡ºã‡Ω¢‡æí‡Ωº‡Ω£‡ºã‡Ωñ‡æ±‡Ω∫‡Ωë‡ºã‡Ωî‡Ω†‡Ω≤‡ºã‡Ω¢‡æí‡æ±‡ºã‡Ωò‡Ω≤‡Ω†‡Ω≤‡ºã‡Ωò‡Ω≤‡ºã‡Ω¢‡Ω≤‡ΩÇ‡Ω¶‡ºã‡Ω¢‡Ω≤‡ΩÑ‡ºã‡Ω£‡Ω¥‡ΩÇ‡Ω¶‡ºã‡ΩÄ‡æ±‡Ω≤‡ºã‡Ω¢‡æ¶‡ºã‡Ω¢‡æ≥‡Ωñ‡Ω¶‡ºã‡ΩÇ‡Ω¶‡Ω¢‡ºã‡Ωî‡ºç Anti-Japanese Nationalism,https://youtu.be/BtFPGN4leWM?si=gQSm7COwJAfhzH7P,2023.0,VOA,Good,US,Male,50-60,True,00:17:51
128,STT_PC0128,‡Ω¢‡æí‡æ±‡ºã‡Ωò‡Ω≤‡ºã‡Ωë‡Ωî‡Ω£‡ºã‡Ω†‡Ωñ‡æ±‡Ωº‡Ω¢‡ºã‡Ω¢‡Ω≤‡ΩÇ‡ºã‡Ωî‡ºã‡Ωñ‡ºã‡Ωû‡Ω≤‡ΩÇ‡ºã‡ΩÇ‡Ω≤‡ºã‡Ω£‡æü‡ºã‡Ωö‡Ω¥‡Ω£‡ºç View from a Chinese Economist,https://youtu.be/_FYJz5GpB9Y?si=GQpZw23u46eP7SO7,2023.0,VOA,Good,US,Male,50-60,True,00:20:43
129,STT_PC0129,‡Ωë‡Ωò‡ΩÇ‡ºã‡Ω†‡ΩÅ‡æ≤‡Ω¥‡ΩÇ‡ºã‡Ω¶‡æê‡Ωñ‡Ω¶‡ºã‡ΩÄ‡æ±‡Ω≤‡ºã‡Ω®‡Ω¥‡ºã‡Ω¢‡Ω¥‡ºã‡Ω¶‡Ω¥‡ºç Lives in Russia Amid Putin's War,https://youtu.be/9Ts0qI3kfkQ?si=Rqwotu4WVbuZt0Og,2023.0,VOA,Good,US,Male,50-60,True,00:15:46
130,STT_PC0130,‡Ω¢‡æí‡æ±‡ºã‡Ωì‡ΩÇ‡ºã‡ΩÇ‡Ω≤‡ºã‡ΩÑ‡Ωº‡ºã‡Ωò‡Ωö‡Ω¢‡ºã‡ΩÖ‡Ωì‡ºã‡ΩÇ‡æ±‡Ω≤‡ºã‡Ω†‡Ωï‡Ω∫‡Ω£‡ºã‡Ω¢‡æí‡æ±‡Ω¶‡ºã‡Ωò‡Ωá‡Ω¥‡ΩÇ‡ºã‡Ω¶‡æí‡æ≤‡Ω≤‡Ω£‡ºã‡Ωñ‡ºã‡Ω°‡Ω≤‡Ωì‡ºã‡Ωì‡Ωò‡ºç The End of China‚Äôs Economic Miracle,https://youtu.be/mCLZqu9FmA0?si=c55xR0-ECjYcS6z5,2023.0,VOA,Good,US,Male,50-60,True,00:17:54
131,STT_PC0131,‡ΩÑ‡ºã‡Ωö‡Ωº‡Ω¶‡ºã‡ΩÇ‡Ω°‡ΩÇ‡ºã‡Ωë‡ΩÑ‡ºã‡Ω†‡Ωñ‡æ≤‡Ω∫‡Ω£‡ºã‡Ωñ‡Ω†‡Ω≤‡ºã‡Ω¶‡æí‡æ≤‡Ω¥‡ΩÑ‡ºã‡Ωò‡Ωâ‡Ωò‡ºã‡Ωë‡Ω¥‡ºã‡ΩÄ‡æ≥‡Ωº‡ΩÇ‡Ω¶‡ºçLet‚Äôs Read short story about Yak,https://youtu.be/4K8-Y0MBVUs?si=eJ8mtKOF5Zw_N06s,2021.0,‡Ωñ‡Ωº‡Ωë‡ºã‡Ω¶‡æê‡Ωë‡ºã‡ΩÇ‡æ≥‡Ω∫‡ΩÑ‡ºã‡Ω¶‡æü‡Ω∫‡ΩÇ‡Ω¶,Good,India,Female,30-40,True,00:08:20
132,STT_PC0132,Ep.2 Learn Tibetan Langauge ‡Ωñ‡Ωº‡Ωë‡ºã‡Ω¶‡æê‡Ωë‡ºã‡Ωñ‡Ωº‡Ωë‡ºã‡Ω°‡Ω≤‡ΩÇ‡ºã‡ΩÑ‡ºã‡Ωö‡Ωº‡Ω†‡Ω≤‡ºã‡Ωö‡Ω∫‡ºã‡Ω¶‡æ≤‡Ωº‡ΩÇ‡ºã‡ºç,https://youtu.be/zMghG9DbzEg?si=uMIPTjX2F-KSQitY,2018.0,‡Ωñ‡Ωº‡Ωë‡ºã‡Ω¶‡æê‡Ωë‡ºã‡ΩÇ‡æ≥‡Ω∫‡ΩÑ‡ºã‡Ω¶‡æü‡Ω∫‡ΩÇ‡Ω¶,Good,India,Female,30-40,True,00:08:06
133,STT_PC0133,Learn Tibetan Language,https://youtu.be/eX4heeWVhGA?si=oQBApZ6xZ-7savPJ,2018.0,‡Ωñ‡Ωº‡Ωë‡ºã‡Ω¶‡æê‡Ωë‡ºã‡ΩÇ‡æ≥‡Ω∫‡ΩÑ‡ºã‡Ω¶‡æü‡Ω∫‡ΩÇ‡Ω¶,Good,India,Female,30-40,True,00:08:06
134,STT_PC0134,‡Ωñ‡Ω¥‡Ωº‡ºã‡Ωñ‡Ωü‡ΩÑ‡ºã‡Ωò‡Ωº‡ºã Lovely ü•∞ Tibetan girl,https://youtu.be/4IWGXD6f6J4?si=PggRO8GNOz8Hf8yJ,2024.0,‡Ωñ‡Ωº‡Ωë‡ºã‡Ω¶‡æê‡Ωë‡ºã‡ΩÇ‡æ≥‡Ω∫‡ΩÑ‡ºã‡Ω¶‡æü‡Ω∫‡ΩÇ‡Ω¶,Good,India,Female,20-30,True,00:24:03
135,STT_PC0135,‡Ω®‡ºã‡Ωò‡ºã‡Ωû‡Ω≤‡ΩÇ‡ºã‡ΩÇ‡Ω≤‡ºã‡Ω¶‡Ω∫‡Ωò‡Ω¶‡ºã‡ΩÇ‡Ωè‡Ω≤‡ΩÑ‡ºã‡ΩÇ‡Ω≤‡ºã‡Ω¶‡æê‡Ωë‡ºã‡ΩÜ‡ºç‡ºã‡ΩÅ‡æ±‡Ω≤‡Ωò‡ºã‡Ωö‡ΩÑ‡ºã‡ΩÇ‡Ω≤‡ºã‡Ω¶‡æ≥‡Ωº‡Ωñ‡ºã‡ΩÇ‡Ω¶‡Ωº‡ºç All mother must listen üéß once || mom |parenting,https://youtu.be/X4xWYus79xw?si=H4s4D6x2C63Ojkx9,2023.0,‡Ωñ‡Ωº‡Ωë‡ºã‡Ω¶‡æê‡Ωë‡ºã‡ΩÇ‡æ≥‡Ω∫‡ΩÑ‡ºã‡Ω¶‡æü‡Ω∫‡ΩÇ‡Ω¶,Good,India,Female,30-40,True,00:36:54
136,STT_PC0136,‡ΩÇ‡Ωè‡Ωò‡ºã‡Ωñ‡Ωü‡ΩÑ‡ºã‡ºçGoodnews @TenzinsWorld19,https://youtu.be/qyGZlvGymMY?si=qsA56tIfPzlBz3HU,2024.0,‡Ωñ‡Ωº‡Ωë‡ºã‡Ω¶‡æê‡Ωë‡ºã‡ΩÇ‡æ≥‡Ω∫‡ΩÑ‡ºã‡Ω¶‡æü‡Ω∫‡ΩÇ‡Ω¶,Good,India,Female,30-40,True,00:17:31
137,STT_PC0137,‡ΩÇ‡æ≥‡ΩÑ‡ºã‡Ω§‡ºã‡Ω¢‡æí‡æ±‡ºã‡Ωò‡ºã‡ΩÇ‡Ωâ‡Ω≤‡Ω¶‡ºã‡Ωë‡ΩÑ‡ºã‡Ωï‡ΩÇ‡ºã‡Ω§‡ºã‡Ω¢‡æí‡æ±‡ºã‡Ωò‡ºã‡ΩÇ‡Ωâ‡Ω≤‡Ω¶‡ºã‡ΩÄ‡æ±‡Ω≤‡ºã‡ΩÇ‡Ωè‡Ωò‡ºã‡Ω¢‡æí‡æ±‡Ω¥‡Ωë‡ºçStory time,https://youtu.be/Wq8sF1-rUH0?si=mtvSE6j985ibnT86,2024.0,‡Ωñ‡Ωº‡Ωë‡ºã‡Ω¶‡æê‡Ωë‡ºã‡ΩÇ‡æ≥‡Ω∫‡ΩÑ‡ºã‡Ω¶‡æü‡Ω∫‡ΩÇ‡Ω¶,Good,India,Female,30-40,True,00:30:22
138,STT_PC0138,‡Ωò‡ΩÜ‡Ω≤‡Ωì‡ºã‡Ωî‡ºç ‡Ωñ‡Ωë‡Ω∫‡ºã‡Ωê‡ΩÑ‡ºã‡Ωñ‡Ω¶‡æê‡Ωº‡Ω¢‡ºã‡ºçHealth talk,https://youtu.be/p16dSOcGHNQ?si=0ys21HfPWOpS3-8O,2024.0,‡Ωñ‡Ωº‡Ωë‡ºã‡Ω¶‡æê‡Ωë‡ºã‡ΩÇ‡æ≥‡Ω∫‡ΩÑ‡ºã‡Ω¶‡æü‡Ω∫‡ΩÇ‡Ω¶,Good,Tibet,Female,30-40,True,00:15:33
139,STT_PC0139,‡Ω¢‡æ≥‡Ω¥‡ΩÑ‡ºã‡ºç ‡Ωñ‡Ωë‡Ω∫‡ºã‡Ωê‡ΩÑ‡ºã‡Ωñ‡Ω¶‡æê‡Ωº‡Ω¢‡ºã‡ºçHealth talk,https://youtu.be/sAs8qBvQIHM?si=b6cowIaTxNWvJTDL,2024.0,‡Ωñ‡Ωº‡Ωë‡ºã‡Ω¶‡æê‡Ωë‡ºã‡ΩÇ‡æ≥‡Ω∫‡ΩÑ‡ºã‡Ω¶‡æü‡Ω∫‡ΩÇ‡Ω¶,Good,Tibet,Male,30-40,True,00:18:45
140,STT_PC0140,‡Ω¶‡æê‡Ωë‡ºã‡Ω°‡Ω≤‡ΩÇ,https://youtu.be/fKQfrH2FbHU?si=0aHLc8gSCsTzQCT7,2024.0,‡Ωñ‡Ωº‡Ωë‡ºã‡Ω¶‡æê‡Ωë‡ºã‡ΩÇ‡æ≥‡Ω∫‡ΩÑ‡ºã‡Ω¶‡æü‡Ω∫‡ΩÇ‡Ω¶,Good,India,Male,30-40,True,00:03:26
141,STT_PC0141,‡Ωñ‡Ω¥‡Ωë‡ºã‡Ωò‡Ω∫‡Ωë‡ºã‡Ω¢‡æ©‡Ωº‡Ωò‡ºã‡Ωî‡ºã‡Ωî‡Ωº‡ºã‡Ωë‡ΩÑ‡ºã‡Ωâ‡Ωò‡Ω¶‡ºã‡Ωû‡Ω≤‡Ωñ‡ºã‡Ωî‡ºã‡ΩÜ‡Ω¥‡ºã‡Ω¶‡æê‡æ±‡Ω∫‡Ω¶‡ºã‡Ω¶‡æí‡æ≤‡Ωº‡Ω£‡ºã‡Ωò‡ºç,https://youtu.be/U_gU0JEWvfs?si=7Knd9mgLeN5TwHhJ,2018.0,VOA,Good,India,Female,40-50,True,00:15:24
142,STT_PC0142,‡Ωò‡ΩÑ‡ºã‡ΩÇ‡Ωô‡Ωº‡ºã‡ΩÇ‡æ≥‡Ω∫‡ΩÑ‡ºã‡Ωñ‡ºç ‡ºº‡Ω†‡Ωë‡Ωº‡Ωì‡ºã‡Ωê‡Ω∫‡ΩÑ‡ºã‡ΩÇ‡Ω¶‡Ω¥‡Ωò‡ºã‡Ωî‡ºç‡ºΩ,https://youtu.be/o9IUh6M8kn8?si=wvKfjKsdjEBzTqqC,2020.0,National Democratic Party of Tibet,Good,India,Female,40-50,True,00:35:39
143,STT_PC0143,‡Ωò‡ΩÑ‡ºã‡ΩÇ‡Ωô‡Ωº‡ºã‡ΩÇ‡æ≥‡Ω∫‡ΩÑ‡ºã‡Ωñ‡ºç,https://youtu.be/vXsRncq3s60?si=n-MLqqpcgd795CBa,2020.0,National Democratic Party of Tibet,Good,India,Female,30-40,True,00:07:25
144,STT_PC0144,"Kasur Rinchen Khando La spoke on ""The Significance of 2011 & The Status of Our Democracy""",https://youtu.be/0ft0OMIquDU?si=mTW-DDz_GOOE3Hhe,2010.0,National Democratic Party of Tibet,Good,India,Female,50-60,True,00:07:14
145,STT_PC0145,"Gyari Dolma La's Spoke on ""The Significance of 2011 & The Status of Our Democracy""",https://youtu.be/nlQn1G7LQOI?si=YF2Wt3ee1ssdK1vo,2010.0,National Democratic Party of Tibet,Good,India,Female,40-50,True,00:06:42
146,STT_PC0146,‡Ωò‡ΩÑ‡ºã‡ΩÇ‡Ωô‡Ωº‡ºã‡ΩÇ‡æ≥‡Ω∫‡ΩÑ‡ºã‡Ωñ‡ºç ‡º¢,https://youtu.be/AiacpWKaKWU?si=i3NMefl_cORbPdfa,2020.0,National Democratic Party of Tibet,Good,India,Male,30-40,True,00:41:17
147,STT_PC0147,2016 Sikyong public debate organized by NDPT,https://youtu.be/pmTYidVDR3U?si=rTwiIJQF4_bHgnkN,2016.0,National Democratic Party of Tibet,Good,India,Male,50-60,True,01:50:05
148,STT_PC0148,Tibetan democratic discourse (23rd Episode),https://youtu.be/Ukvbn_7KL24?si=7ZJGZXi-CWR1oeJ0,2020.0,National Democratic Party of Tibet,Good,India,Male,40-50,True,00:45:09
149,STT_PC0149,‡Ωò‡ΩÑ‡ºã‡ΩÇ‡Ωô‡Ωº‡ºã‡ΩÇ‡æ≥‡Ω∫‡ΩÑ‡ºã‡Ωñ‡ºç,https://youtu.be/4LJkzgwZFtw?si=ZSKgcWnHdmHALJAq,2020.0,National Democratic Party of Tibet,Good,India,Male,30-40,True,00:03:07
150,STT_PC0150,‡Ωò‡ΩÑ‡ºã‡ΩÇ‡Ωô‡Ωº‡ºã‡ΩÇ‡æ≥‡Ω∫‡ΩÑ‡ºã‡Ωñ‡ºç,https://youtu.be/PA7roL7HsFE?si=JbEnnC2isvrPWVJZ,2020.0,National Democratic Party of Tibet,Good,India,Female,40-50,True,00:06:13
151,STT_PC0151,‡Ωò‡ΩÑ‡ºã‡ΩÇ‡Ωô‡Ωº‡ºã‡ΩÇ‡æ≥‡Ω∫‡ΩÑ‡ºã‡Ωñ‡ºç,https://youtu.be/0mPJbeNCaYg?si=o8Vs3IpjqZ-1QLc5,2020.0,National Democratic Party of Tibet,Good,India,Male,40-50,True,00:14:45
152,STT_PC0152,‡Ω£‡æ∑‡ºã‡Ω¶‡Ω†‡Ω≤‡ºã‡Ωá‡Ωº‡ºã‡ΩÅ‡ΩÑ‡ºã‡Ω¶‡æê‡Ωº‡Ω¢‡ºç,https://www.youtube.com/watch?v=oq_O-zvfMDU,2021.0,Potala,Good,Tibet,Male,40-50,True,
153,STT_PC0153,‡ºº‡Ωñ‡Ωº‡Ωë‡ºã‡Ω£‡Ω¥‡ΩÇ‡Ω¶‡ºã‡ΩÇ‡Ω¶‡Ωº‡ºã‡Ω¢‡Ω≤‡ΩÇ‡ºã‡ΩÇ‡Ω≤‡ºã‡Ωö‡Ωì‡ºã‡Ω¢‡Ω≤‡ΩÇ‡ºã‡Ωû‡Ω≤‡Ωñ‡ºã‡Ω†‡Ωá‡Ω¥‡ΩÇ‡ºã‡Ωê‡Ωñ‡Ω¶‡ºã‡Ω£‡Ωò‡ºã‡Ωë‡ΩÑ‡ºã‡Ωñ‡Ω¢‡æí‡æ±‡Ω¥‡Ωë‡ºã‡Ω¢‡Ω≤‡Ωò‡ºΩ part (1) ‡ΩÇ‡Ω¶‡Ω¥‡ΩÑ‡ºã‡Ωñ‡ºã‡Ωî‡Ωº‡ºç ‡Ω¢‡æí‡Ωì‡ºã‡Ωë‡Ωñ‡æ±‡ΩÑ‡Ω¶‡ºã‡Ωë‡ΩÇ‡Ω†‡ºç‡º¢‡º†‡º¢‡º°‡Ω£‡Ωº,https://youtu.be/_vfDvi1i7q4?si=CJfG_SnvlxDCtmwU,2022.0,Potala,Good,India,Male,50-60,True,
154,STT_PC0154,‡ºº‡Ωñ‡Ωº‡Ωë‡ºã‡Ω£‡Ω¥‡ΩÇ‡Ω¶‡ºã‡ΩÇ‡Ω¶‡Ωº‡ºã‡Ω¢‡Ω≤‡ΩÇ‡ºã‡ΩÇ‡Ω≤‡ºã‡Ωö‡Ωì‡ºã‡Ω¢‡Ω≤‡ΩÇ‡ºã‡Ωû‡Ω≤‡Ωñ‡ºã‡Ω†‡Ωá‡Ω¥‡ΩÇ‡ºã‡Ωê‡Ωñ‡Ω¶‡ºã‡Ω£‡Ωò‡ºã‡Ωë‡ΩÑ‡ºã‡Ωñ‡Ω¢‡æí‡æ±‡Ω¥‡Ωë‡ºã‡Ω¢‡Ω≤‡Ωò‡ºΩ part (2) ‡ΩÇ‡Ω¶‡Ω¥‡ΩÑ‡ºã‡Ωñ‡ºã‡Ωî‡Ωº‡ºç ‡Ω¢‡æí‡Ωì‡ºã‡Ωë‡Ωñ‡æ±‡ΩÑ‡Ω¶‡ºã‡Ωë‡ΩÇ‡Ω†‡ºç‡º¢‡º†‡º¢‡º°‡Ω£‡Ωº,https://youtu.be/bDLGYcxPzlA?si=7_aM_w3K8YFHt6xp,2022.0,Potala,Good,India,Male,50-60,True,
155,STT_PC0155,‡ºº‡Ωñ‡Ωº‡Ωë‡ºã‡Ω£‡Ω¥‡ΩÇ‡Ω¶‡ºã‡ΩÇ‡Ω¶‡Ωº‡ºã‡Ω¢‡Ω≤‡ΩÇ‡ºã‡ΩÇ‡Ω≤‡ºã‡Ωö‡Ωì‡ºã‡Ω¢‡Ω≤‡ΩÇ‡ºã‡Ωû‡Ω≤‡Ωñ‡ºã‡Ω†‡Ωá‡Ω¥‡ΩÇ‡ºã‡Ωê‡Ωñ‡Ω¶‡ºã‡Ω£‡Ωò‡ºã‡Ωë‡ΩÑ‡ºã‡Ωñ‡Ω¢‡æí‡æ±‡Ω¥‡Ωë‡ºã‡Ω¢‡Ω≤‡Ωò‡ºΩ part (3) ‡ΩÇ‡Ω¶‡Ω¥‡ΩÑ‡ºã‡Ωñ‡ºã‡Ωî‡Ωº‡ºç ‡Ω¢‡æí‡Ωì‡ºã‡Ωë‡Ωñ‡æ±‡ΩÑ‡Ω¶‡ºã‡Ωë‡ΩÇ‡Ω†‡ºç‡º¢‡º†‡º¢‡º°‡Ω£‡Ωº,https://youtu.be/OUZoDRxcYME?si=1CoT3B6LGGsU7MxV,2022.0,Potala,Good,India,Male,50-60,True,
156,STT_PC0156,‡ºº‡Ωñ‡Ωº‡Ωë‡ºã‡Ω£‡Ω¥‡ΩÇ‡Ω¶‡ºã‡ΩÇ‡Ω¶‡Ωº‡ºã‡Ω¢‡Ω≤‡ΩÇ‡ºã‡ΩÇ‡Ω≤‡ºã‡Ωö‡Ωì‡ºã‡Ω¢‡Ω≤‡ΩÇ‡ºã‡Ωû‡Ω≤‡Ωñ‡ºã‡Ω†‡Ωá‡Ω¥‡ΩÇ‡ºã‡Ωê‡Ωñ‡Ω¶‡ºã‡Ω£‡Ωò‡ºã‡Ωë‡ΩÑ‡ºã‡Ωñ‡Ω¢‡æí‡æ±‡Ω¥‡Ωë‡ºã‡Ω¢‡Ω≤‡Ωò‡ºΩ part (4) ‡ΩÇ‡Ω¶‡Ω¥‡ΩÑ‡ºã‡Ωñ‡ºã‡Ωî‡Ωº‡ºç ‡Ω¢‡æí‡Ωì‡ºã‡Ωë‡Ωñ‡æ±‡ΩÑ‡Ω¶‡ºã‡Ωë‡ΩÇ‡Ω†‡ºç‡º¢‡º†‡º¢‡º°‡Ω£‡Ωº,https://youtu.be/hznms6ofF74?si=NqwFQul2Z6FocNQo,2022.0,Potala,Good,India,Male,50-60,True,
157,STT_PC0157,‡ºº‡Ωñ‡Ωº‡Ωë‡ºã‡Ω£‡Ω¥‡ΩÇ‡Ω¶‡ºã‡ΩÇ‡Ω¶‡Ωº‡ºã‡Ω¢‡Ω≤‡ΩÇ‡ºã‡ΩÇ‡Ω≤‡ºã‡Ωö‡Ωì‡ºã‡Ω¢‡Ω≤‡ΩÇ‡ºã‡Ωû‡Ω≤‡Ωñ‡ºã‡Ω†‡Ωá‡Ω¥‡ΩÇ‡ºã‡Ωê‡Ωñ‡Ω¶‡ºã‡Ω£‡Ωò‡ºã‡Ωë‡ΩÑ‡ºã‡Ωñ‡Ω¢‡æí‡æ±‡Ω¥‡Ωë‡ºã‡Ω¢‡Ω≤‡Ωò‡ºΩ part (5) ‡ΩÇ‡Ω¶‡Ω¥‡ΩÑ‡ºã‡Ωñ‡ºã‡Ωî‡Ωº‡ºç ‡Ω¢‡æí‡Ωì‡ºã‡Ωë‡Ωñ‡æ±‡ΩÑ‡Ω¶‡ºã‡Ωë‡ΩÇ‡Ω†‡ºç‡º¢‡º†‡º¢‡º°‡Ω£‡Ωº,https://youtu.be/pdX7A_hLlDI?si=Q4IvYc87oooC1IUm,2022.0,Potala,Good,India,Male,50-60,True,
158,STT_PC0158,‡ºº‡Ωò‡ºã‡Ωë‡æ≤‡Ω≤‡Ωì‡ºã‡Ω£‡Ωì‡ºã‡Ωò‡Ωá‡Ω£‡ºã‡Ωö‡Ω¥‡Ω£‡ºΩ ‡Ωò‡ΩÅ‡Ωº‡Ωì‡ºã‡ΩÇ‡Ωë‡Ω¥‡ΩÑ‡ºã‡Ω®‡ºã‡Ωñ‡Ω≤‡ºã‡ΩÄ‡æ≤‡æÄ‡Ωè‡ºã‡Ωñ‡Ωõ‡æ≤‡ºã‡Ω¢‡Ω≤‡Ωì‡ºã‡Ωî‡Ωº‡ºã‡ΩÜ‡Ω∫‡ºç ‡ººHow to repay mother‡ºΩ Avikrita Vajra Rinpoche,https://youtu.be/e50DHI6FyUU?si=AG4mEeqjDilhShJQ,2023.0,Potala,Good,India,Male,40-50,True,
159,STT_PC0159,‡ºº‡Ωì‡ΩÑ‡ºã‡Ωò‡Ω≤‡Ω†‡Ω≤‡ºã‡Ω†‡ΩÅ‡æ±‡Ωò‡ºã‡Ωò‡Ωê‡Ω¥‡Ωì‡ºã‡Ω¶‡æê‡Ωº‡Ω¢‡ºç‡ºΩ‡Ωâ‡Ω≤‡ºã‡Ωò‡ºã‡Ωë‡Ωñ‡ΩÑ‡ºã‡Ω†‡Ωë‡Ω¥‡Ω¶‡ºã‡Ωë‡ΩÑ‡ºã‡Ωî‡Ωë‡æ®‡ºã‡Ωñ‡ΩÄ‡æ≤‡Ω≤‡Ω¶‡ºã‡ΩÇ‡Ωâ‡Ω≤‡Ω¶‡ºã‡ΩÄ‡æ±‡Ω≤‡ºã‡Ω¶‡æô‡Ω≤‡ΩÑ‡ºã‡ΩÇ‡Ωè‡Ωò‡ºç,https://youtu.be/PSdvwl-DADg?si=rKoaFNJQgCSNckXV,2023.0,Livestream In Tibet -channel ,Good,India,Male,40-50,True,00:53:57
160,STT_PC0160,‡Ω£‡Ω¥‡Ω¶‡ºã‡Ω†‡Ωñ‡æ≤‡Ω∫‡Ω£‡ºã‡Ωö‡Ωë‡ºã‡Ω£‡æ°‡Ωì‡ºã‡Ωá‡Ω≤‡ºã‡Ω£‡æü‡Ω¢‡ºã‡Ωñ‡æ±‡Ω∫‡Ωë‡ºã‡Ωë‡ΩÇ‡Ωº‡Ω¶‡ºç ‡Ωî‡Ωë‡æ®‡ºã‡Ωñ‡ΩÄ‡æ≤‡Ω≤‡Ω¶‡ºã‡Ωì‡Ω¶‡ºç. Part-1,https://youtu.be/dq5nufaPDmQ?si=x2QgGpEHY6EJff__,2024.0,Livestream In Tibet -channel ,Good,India,Male,40-50,True,00:59:40
161,STT_PC0161,‡Ωñ‡Ω¢‡æ©‡Ω∫‡ºã‡Ωë‡Ω¥‡ΩÑ‡ºã‡Ωì‡ΩÑ‡ºã‡Ωö‡Ω¥‡Ωë‡ºã‡Ωî‡ºã‡ΩÖ‡Ω≤‡Ω†‡Ω≤‡ºã‡Ωï‡æ±‡Ω∫‡Ω¢‡ºã‡Ω¶‡æê‡æ≤‡ΩÇ‡ºã‡ΩÇ‡Ωò‡ºç ‡Ωö‡Ωì‡ºã‡Ωî‡ºã‡ΩÇ‡Ωâ‡Ω≤‡Ω¶‡ºã‡Ωî‡ºç part- 2,https://youtu.be/JX2kRAQ6Rg8?si=UL9tFd2MdItczuBf,2024.0,Livestream In Tibet -channel ,Good,India,Male,40-50,True,01:10:00
162,STT_PC0162,‡ΩÅ‡Ωº‡ΩÑ‡ºã‡ΩÅ‡æ≤‡Ωº‡ºã‡Ωâ‡Ω¥‡ΩÑ‡ºã‡Ω¢‡Ω¥‡ºã‡ΩÇ‡Ωè‡Ωº‡ΩÑ‡ºã‡Ωê‡Ωñ‡Ω¶‡ºç ‡ºº‡Ωö‡Ωì‡ºã‡Ωî‡ºã‡ΩÇ‡Ω¶‡Ω¥‡Ωò‡ºã‡Ωî‡ºΩ| idea of reducinganger- Episode-3| Pema Tashi,https://youtu.be/8fmH_FjE5h8?si=GnLWkV4F7DLfvHqj,2024.0,Livestream In Tibet -channel ,Good,India,Male,40-50,True,02:07:06
163,STT_PC0163,‡Ωò‡Ω≤‡ºã‡Ω°‡Ω≤‡ºã‡Ω£‡Ω¥‡ΩÑ‡ºã‡Ωî‡ºã‡Ωì‡ΩÑ‡ºã‡Ωñ‡Ω¶‡æ°‡Ωë‡ºã‡Ω°‡Ωº‡Ωë‡ºã‡Ωô‡ΩÑ‡ºã‡ΩÑ‡ºã‡Ωö‡Ωº‡Ω†‡Ω≤‡ºã‡Ωò‡Ω≤‡Ω†‡Ω≤‡ºã‡Ω£‡Ωº‡ºã‡Ω¢‡æí‡æ±‡Ω¥‡Ω¶‡ºã‡Ω§‡Ω∫‡Ω¶‡ºã‡Ωë‡ΩÇ‡Ωº‡Ω¶‡ºã‡Ωî‡ºã‡Ω£‡Ω¶‡ºã‡Ω£‡æ∑‡ºã‡Ω¶‡æí‡æ≤‡Ω¥‡ΩÑ‡ºã‡Ωë‡ΩÑ‡ºã‡Ω†‡Ωë‡æ≤‡Ω∫‡ºã‡Ω¶‡æí‡æ≤‡Ω¥‡ΩÑ‡ºã‡Ω§‡Ω∫‡Ω¶‡ºã‡Ωò‡ºã‡Ω§‡Ω∫‡Ω¶‡ºã‡Ωò‡Ω∫‡Ωë‡ºç,https://youtu.be/jCqVEMNIXtY?si=sQwf2NeVDwYT6q6M,2024.0,Livestream In Tibet -channel ,Good,India,Male,30-40,True,00:39:24
164,STT_PC0164,‡Ω£‡Ω¥‡Ω¶‡ºã‡Ω†‡Ωñ‡æ≤‡Ω∫‡Ω£‡ºã‡Ωö‡Ωë‡ºã‡Ω£‡æ°‡Ωì‡ºã‡Ωû‡Ω≤‡ΩÇ‡ºã‡Ωá‡Ω≤‡ºã‡Ω£‡æü‡Ω¢‡ºã‡Ωñ‡æ±‡Ω∫‡Ωë‡ºã‡Ωë‡ΩÇ‡Ωº‡Ω¶‡ºç ‡Ωî‡Ωë‡æ®‡ºã‡Ωñ‡ΩÄ‡æ≤‡Ω≤‡Ω¶‡ºç‡ºº ‡Ω£‡Ω∫‡Ω†‡Ω¥-2‡ºΩ part- 2,https://youtu.be/UMRdz_srKmg?si=0HPPhZro2YI-Snbs,2024.0,Livestream In Tibet -channel ,Good,India,Male,30-40,True,01:01:10
165,STT_PC0165,‡Ω£‡Ω¥‡Ω¶‡ºã‡Ω†‡Ωñ‡æ≤‡Ω∫‡Ω£‡ºã‡Ωö‡Ωë‡ºã‡Ω£‡æ°‡Ωì‡ºã‡Ωá‡Ω≤‡ºã‡Ω£‡æü‡Ω¢‡ºã‡Ωñ‡æ±‡Ω∫‡Ωë‡ºã‡Ωë‡ΩÇ‡Ωº‡Ω¶‡ºç ‡Ωî‡Ωë‡æ®‡ºã‡Ωñ‡ΩÄ‡æ≤‡Ω≤‡Ω¶‡ºã‡Ωì‡Ω¶‡ºç‡ºº ‡Ω£‡Ω∫‡Ω†‡Ω¥‡ºã‡ΩÇ‡Ω¶‡Ω¥‡Ωò‡ºã‡Ωî‡ºΩ Part -3,https://youtu.be/qRbSBH6tjC4?si=pAZiXILrDEtkMfNg,2024.0,Livestream In Tibet -channel ,Good,India,Male,30-40,True,00:43:50
166,STT_PC0166,‡Ω£‡Ω¥‡Ω¶‡ºã‡Ω†‡Ωñ‡æ≤‡Ω∫‡Ω£‡ºã‡Ωë‡ΩÑ‡ºã‡Ω†‡Ωñ‡æ≤‡Ω∫‡Ω£‡ºã‡Ωñ‡Ω†‡Ω≤‡ºã‡Ωë‡æ≤‡Ω≤‡ºã‡Ωñ‡ºã‡Ω£‡ºã‡Ω£‡Ω∫‡Ωì‡ºã ‡ºº‡Ω£‡Ω∫‡Ω†‡Ω¥‡ºã‡Ωñ‡Ωû‡Ω≤‡ºã‡Ωî‡ºΩ part 4,https://youtu.be/eb30lJN_9OY?si=oCKDq-Gg_KDPdu8W,2024.0,Livestream In Tibet -channel ,Good,India,Male,30-40,True,00:29:13
167,STT_PC0167,‡Ωñ‡Ωü‡Ω†‡ºã‡Ωü‡æ≥‡ºã‡Ω†‡Ωë‡Ω∫‡Ωò‡Ω¶‡ºã‡Ω¶‡æü‡ΩÑ‡Ω¶‡ºã‡Ωò‡ºã‡Ωì‡Ωº‡Ω¢‡ºã‡Ωñ‡ºã‡Ωû‡Ω≤‡ΩÇ‡ºã‡ΩÇ‡ΩÑ‡ºã‡Ω†‡Ωë‡æ≤‡ºã‡Ωñ‡æ±‡Ω∫‡Ωë‡ºã‡Ωë‡ΩÇ‡Ωº‡Ω¶‡ºç ‡Ωî‡Ωë‡æ®‡ºã‡Ωñ‡ΩÄ‡æ≤‡Ω≤‡Ω¶‡ºç|,https://youtu.be/Mc6a2SP0O4c?si=6CrIUpktAsAeE5dm,2024.0,Livestream In Tibet -channel ,Good,India,Male,30-40,True,00:32:16
168,STT_PC0168,His Holiness Karmapa giving a speech and blessings to Tibetans during Kalacharka 2012,https://youtu.be/yuA1YjwHtEk?si=pfaoHqjq8soOD2Cj,2012.0,Karmapa,Good,India,Male,40-50,True,00:43:57
169,STT_PC0169,17th Gyalwang Karmapa during the 16th Karmapa Commemoration Ceremony,https://youtu.be/Vxy6EHAFpUo?si=zXtLNhNeqV_1W-Pm,2016.0,Karmapa,Good,India,Male,40-50,True,00:13:56
170,STT_PC0170,"17th Gyalwang Karmapa addresses an audience of Tibetans in Washington DC area, April 16, 2015",https://youtu.be/Js0Ixx37ZFw?si=9XI7-qhNHy8iBzvc,2015.0,Karmapa,Good,India,Male,40-50,True,00:37:14
171,STT_PC0171,Karmapa Makes us laugh,https://youtu.be/o7llq3JUkqI?si=9DKu0qcvuRcbsNqq,2011.0,Karmapa,Good,India,Male,40-50,True,00:08:57
172,STT_PC0172,The Gyalwang Karmapa Addresses a Tibetan Community Gathering in Washington DC,https://youtu.be/0H_oxnwgkyo?si=q9YHkyfE1a_PIdt6,2018.0,Karmapa,Good,India,Male,40-50,True,00:25:03
173,STT_PC0173,The 17th Gyalwang Karmapa special address | H.H The 17th Gyalwang Karmapa Urgyen Trinley Dorje,https://youtu.be/cn0cWfHMYxY?si=Wp-VmVbwCVPHfPGC,2023.0,Karmapa,Good,India,Male,40-50,True,00:07:20
174,STT_PC0174,‡Ωü‡Ωò‡ºã‡ΩÇ‡Ωë‡Ωº‡ΩÑ‡ºã‡Ω¢‡Ω≤‡Ωì‡ºã‡Ωî‡Ωº‡ºã‡ΩÜ‡Ω∫‡ºç,https://youtu.be/q2hTo4wNslc?si=uvZiQ_alY59WHwGC,2019.0,Tsultrim Gyatso,Good,India,Female,30-40,True,00:10:14
175,STT_PC0175,‡Ωî‡Ωé‡ºã‡ΩÜ‡Ω∫‡Ωì‡ºã‡Ω¶‡æê‡Ω¥‡ºã‡Ωï‡æ≤‡Ω∫‡ΩÑ‡ºã‡Ωñ‡ΩÖ‡Ω¥‡ºã‡Ωñ‡ºã‡ΩÜ‡Ω∫‡Ωì‡ºã‡Ωò‡Ωº‡Ω†‡Ω≤‡ºã‡Ω¢‡æ£‡Ωò‡ºã‡Ωê‡Ω¢‡ºã‡Ω¶‡æô‡Ω≤‡ΩÑ‡ºã‡Ωñ‡Ω¶‡æ°‡Ω¥‡Ω¶‡ºç 10th Panchen Lama,https://youtu.be/C6hz96sRGiQ?si=8Bsty3j90aeQOgPE,2019.0,Tsultrim Gyatso,Good,India,Female,30-40,True,00:15:52
176,STT_PC0176,‡Ωö‡Ωì‡ºã‡Ωî‡ºã‡ΩÇ‡Ωâ‡Ω≤‡Ω¶‡ºã‡Ωî‡ºç ‡Ω¶‡Ω¥‡Ωë‡ºã‡Ω¶‡Ω≤‡ºã‡Ω¶‡ºã‡ΩÇ‡Ωì‡Ω¶‡ºã‡Ω°‡Ωº‡ºã‡Ωì‡Ω¢‡ºã‡Ωñ‡Ωº‡Ωë‡ºã‡Ω¢‡Ω≤‡ΩÇ‡Ω¶‡ºã‡Ω°‡Ωº‡ΩÑ‡Ω¶‡ºã‡Ω£‡ºã‡Ωò‡Ω≤‡ΩÑ‡ºã‡Ωë‡Ωº‡Ωì‡ºã‡Ωò‡Ωö‡Ω¥‡ΩÑ‡Ω¶‡ºã‡Ωî‡Ω†‡Ω≤‡ºã‡Ω¢‡ΩÑ‡ºã‡Ω¶‡æê‡æ±‡Ωº‡ΩÑ‡ºã‡Ω¶‡æê‡Ωº‡Ω¢‡ºã‡Ωü‡Ωñ‡ºã‡Ω¶‡æ¶‡æ±‡Ωº‡ΩÑ‡ºã‡ΩÇ‡Ωì‡ΩÑ‡ºã‡Ωñ‡ºç,https://youtu.be/xJr0t0LOXZU?si=mRRzYSQZvllpME4K,2014.0,Samdhong Rinpoche,Good,India,Male,60-70,True,00:59:43
177,STT_PC0177,‡Ω¶‡æ≥‡Ωº‡Ωñ‡ºã‡Ωë‡Ωî‡Ωº‡Ωì‡ºã‡Ωü‡Ωò‡ºã‡ΩÇ‡Ωë‡Ωº‡ΩÑ‡ºã‡Ω¢‡Ω≤‡Ωì‡ºã‡Ωî‡Ωº‡ºã‡ΩÜ‡Ω∫‡ºã‡Ωò‡ΩÜ‡Ωº‡ΩÇ‡ºã‡ΩÇ‡Ω≤‡Ω¶‡ºã‡Ωì‡ΩÑ‡ºã‡ΩÜ‡Ωº‡Ω¶‡ºã‡Ωë‡ΩÑ‡ºã‡Ωö‡Ωì‡ºã‡Ω¢‡Ω≤‡ΩÇ‡ºã‡Ω¶‡æê‡Ωº‡Ω¢‡ºã‡ΩÇ‡Ω¶‡Ω¥‡ΩÑ‡ºã‡Ωñ‡Ω§‡Ωë‡ºç,https://youtu.be/DhgFpIjCZIg?si=rJu7FlJ9kI8cHXlg,2016.0,Samdhong Rinpoche,Good,India,Male,60-70,True,01:01:48
178,STT_PC0178,‡Ω¶‡æ≥‡Ωº‡Ωñ‡ºã‡Ωë‡Ωî‡Ωº‡Ωì‡ºã‡Ωü‡Ωò‡ºã‡ΩÇ‡Ωë‡Ωº‡ΩÑ‡ºã‡Ω¢‡Ω≤‡Ωì‡ºã‡Ωî‡Ωº‡ºã‡ΩÜ‡Ω∫‡Ω¶‡ºã‡ΩÇ‡Ω£‡ºã‡ΩÜ‡Ω∫‡Ω†‡Ω≤‡ºã‡ΩÇ‡Ω¶‡Ω¥‡ΩÑ‡ºã‡Ωñ‡Ω§‡Ωë‡ºã‡ΩÇ‡Ωì‡ΩÑ‡ºã‡Ωñ‡ºç,https://youtu.be/fIUs0StBbm8?si=7npiT4FYfjihEOyf,2017.0,Samdhong Rinpoche,Good,India,Male,60-70,True,00:56:31
179,STT_PC0179,‡ºÑ‡ºÖ‡ºç‡ºç ‡Ωï‡æ±‡Ω≤‡ºã‡Ω£‡Ωº‡ºã ‡º°‡º©‡º©‡º° ‡Ωü‡æ≥‡ºã ‡º© ‡Ωö‡Ω∫‡Ω¶‡ºã ‡º°‡º¢ ‡Ωâ‡Ω≤‡Ωì‡ºã‡ΩÜ‡Ωº‡Ω¶‡ºã‡Ωë‡ΩÇ‡Ω∫‡ºã‡Ωñ‡æ≥‡Ωº‡ºã‡Ωñ‡Ωü‡ΩÑ‡ºã‡Ωñ‡Ω¶‡Ωò‡ºã‡ΩÇ‡Ωè‡Ωì‡ºã‡Ω£‡ΩÇ‡Ω¶‡ºã‡ΩÄ‡æ±‡Ω≤‡Ω¶‡ºã‡Ωñ‡ΩÖ‡Ω¢‡ºã‡Ω†‡Ωë‡æ≤‡Ω≤‡ºã‡Ωû‡Ω¥‡Ω¶‡ºã‡Ωî‡ºã‡Ω£‡ºã‡Ωñ‡ΩÄ‡Ω†‡ºã‡Ω£‡Ωì‡ºç,https://youtu.be/6TPM_DIh5qk?si=O4v7fz_U0nxccEVd,2020.0,Samdhong Rinpoche,Good,India,Male,60-70,True,01:13:56
180,STT_PC0180,Part 10 Speech By Samdhom Rinpoche Volume 2 ‡Ωò‡ΩÅ‡Ω¶‡ºã‡Ωë‡Ωñ‡ΩÑ‡ºã‡Ωü‡Ωò‡ºã‡ΩÇ‡Ωë‡Ωº‡ΩÑ‡ºã‡Ω¢‡Ω≤‡Ωì‡ºã‡Ωî‡Ωº‡ºã‡ΩÜ‡Ω∫‡Ω†‡Ω≤‡ºã‡Ωñ‡ΩÄ‡Ω†‡ºã‡Ω¶‡æ≥‡Ωº‡Ωñ‡ºã‡ΩÇ‡Ω¶‡Ω¥‡ΩÑ‡ºã‡Ωñ‡Ω§‡Ωë,https://youtu.be/wZdkErpwpoI?si=Uw11bFRd0Vo2KYt9,2014.0,Samdhong Rinpoche,Good,India,Male,60-70,True,00:24:44
181,STT_PC0181,Bookshelf Pelok Langdun Paljor ‚Äòs The Turquoise Crown ‡Ωë‡Ωî‡Ω∫‡ºã‡ΩÄ‡æ≥‡Ωº‡ΩÇ‡ºã‡Ω£‡Ω∫‡ºã‡Ωö‡Ωì‡ºç ‡ΩÇ‡Ωô‡Ω¥‡ΩÇ‡ºã‡ΩÇ‡Ω°‡Ω¥‡ºç,https://youtu.be/rRGM6mpoJ2w?si=w6zoNgtW6-oFrd3D,2021.0,VOA,Good,India,Male,30-40,True,00:16:31
182,STT_PC0182,‡Ωò‡ºãmom,https://youtu.be/hInp_EUy42Y?si=-aHhprTGECsMLw0m,2024.0,‡Ωñ‡Ωº‡Ωë‡ºã‡Ω¶‡æê‡Ωë‡ºã‡ΩÇ‡æ≥‡Ω∫‡ΩÑ‡ºã‡Ω¶‡æü‡Ω∫‡ΩÇ‡Ω¶,Good,Tibet,Male,30-40,True,00:04:33
183,STT_PC0183,‡Ω¢‡æí‡æ±‡Ω¥‡Ωì‡ºã‡Ω§‡Ω∫‡Ω¶‡ºã,https://youtu.be/zvLEA0HTbfI?si=iIM5cFDHneklW86l,2024.0,‡Ωñ‡Ωº‡Ωë‡ºã‡Ω¶‡æê‡Ωë‡ºã‡ΩÇ‡æ≥‡Ω∫‡ΩÑ‡ºã‡Ω¶‡æü‡Ω∫‡ΩÇ‡Ω¶,Good,Tibet,Male,40-50,True,00:21:00
184,STT_PC0184,‡Ωë‡Ωî‡Ω∫‡ºã‡ΩÄ‡æ≥‡Ωº‡ΩÇ‡ºã‡ΩÇ‡Ω£‡ºã‡ΩÜ‡Ω∫‡Ω†‡Ω≤‡ºã‡Ωñ‡Ω¶‡æê‡Ωº‡Ω¢Why reading books is important,https://youtu.be/FJcqL5S-HGo?si=0a9gIh0xOhnDX76a,2024.0,‡Ωñ‡Ωº‡Ωë‡ºã‡Ω¶‡æê‡Ωë‡ºã‡ΩÇ‡æ≥‡Ω∫‡ΩÑ‡ºã‡Ω¶‡æü‡Ω∫‡ΩÇ‡Ω¶,Good,Tibet,Female,40-50,True,00:09:02
185,STT_PC0185,‡Ωâ‡Ω≤‡ºã‡Ωß‡Ωº‡ΩÑ‡ºã‡Ωë‡Ω¥‡ºã‡Ω¶‡æ≥‡Ωº‡Ωñ‡ºã‡Ω¶‡æ¶‡æ±‡Ωº‡ΩÑ‡ºã‡ΩÇ‡Ωì‡ΩÑ‡ºã‡Ωñ‡Ωû‡Ω≤‡Ωì‡ºã‡Ωî‡Ω†‡Ω≤‡ºã‡Ωñ‡Ωº‡Ωë‡ºã‡ΩÄ‡æ±‡Ω≤‡ºã‡Ωñ‡Ω¥‡Ωº‡ºã‡Ωû‡Ω≤‡ΩÇ‡ºã‡ΩÇ‡Ω≤‡ºã‡ΩÇ‡Ωè‡Ωò‡ºã‡ºçTibetan student in Japan,https://youtu.be/lGeTrzvDvlk?si=mphi2MJBSKl3OReS,2024.0,‡Ωñ‡Ωº‡Ωë‡ºã‡Ω¶‡æê‡Ωë‡ºã‡ΩÇ‡æ≥‡Ω∫‡ΩÑ‡ºã‡Ω¶‡æü‡Ω∫‡ΩÇ‡Ω¶,Good,Tibet,Female,40-50,True,00:15:38
186,STT_PC0186,‡ΩÇ‡Ωâ‡Ω∫‡Ωì‡ºã‡Ω¶‡æí‡æ≤‡Ω≤‡ΩÇ‡ºã‡ΩÇ‡Ω≤‡ºã‡Ω†‡Ωö‡Ωº‡ºã‡Ωñ‡ºã‡Ωë‡ΩÑ‡ºã‡Ωï‡Ωº‡ºã‡Ωò‡Ωº‡Ω†‡Ω≤‡ºã‡Ωñ‡Ω¢‡æ©‡Ω∫‡ºã‡Ωë‡Ω¥‡ΩÑ‡Ω¶‡ºã‡ΩÇ‡æ≥‡Ω∫‡ΩÑ‡ºãlet‚Äôs talk about marriage life&relationship,https://youtu.be/OkSEIUz2fzs?si=cchfpzyCcaMUNzvf,2024.0,‡Ωñ‡Ωº‡Ωë‡ºã‡Ω¶‡æê‡Ωë‡ºã‡ΩÇ‡æ≥‡Ω∫‡ΩÑ‡ºã‡Ω¶‡æü‡Ω∫‡ΩÇ‡Ω¶,Good,India,Female,40-50,True,00:26:30
187,STT_PC0187,Tibetan Program-Champa Talk Show-Tibetan Musician Bianluo,https://youtu.be/0UovJmqMhJ8?si=h59p-HV70DI5draa,2016.0,Champa Talk Show,Good,Tibet,Male,50-60,True,00:25:01
188,STT_PC0188,"Our World - Exclusive Interview of Nyima Wangdu, Principal of Tibet School for Blind",https://youtu.be/bYg9D29um_E?si=EEuqsl9YSrlwzC_V,2017.0,Champa Talk Show,Good,Tibet,Male,40-50,True,00:24:55
189,STT_PC0189,‡Ω†‡ΩÜ‡Ωë‡ºã‡ΩÅ‡æ≤‡Ω≤‡Ωë‡ºç ‡ΩÇ‡Ω¶‡Ω¢‡ºã‡Ω¢‡æ©‡Ωº‡Ωò‡ºã‡ΩÇ‡æ±‡Ω≤‡ºã‡Ωò‡æ±‡Ωº‡ΩÑ‡ºã‡Ωñ‡ºã‡Ωñ‡Ω¢‡æó‡Ωº‡Ωë‡ºã‡Ωî‡ºç ‡Ωö‡Ω∫‡ºã‡Ω¢‡Ω≤‡ΩÑ‡ºã‡Ωë‡Ωñ‡æ±‡ΩÑ‡Ω¶‡ºã‡Ω¶‡æê‡æ±‡Ω≤‡Ωë‡ºç 01,https://youtu.be/Lo6LTxDwdL0?si=NSTv7KQxS3XCFvhv,2023.0,‡Ω¶‡æí‡æ≤‡ºã‡Ωë‡Ω∫‡Ωñ‡ºã‡Ω†‡Ωº‡Ω¶‡ºã‡Ω¶‡æ¶‡æ±‡Ωº‡Ω¢‡ºç,Good,Tibet,Female,40-50,True,00:25:02
190,STT_PC0190,‡Ω†‡ΩÜ‡Ωë‡ºã‡ΩÅ‡æ≤‡Ω≤‡Ωë‡ºç ‡ΩÇ‡Ω¶‡Ω¢‡ºã‡Ω¢‡æ©‡Ωº‡Ωò‡ºã‡ΩÇ‡æ±‡Ω≤‡ºã‡Ωò‡æ±‡Ωº‡ΩÑ‡ºã‡Ωñ‡ºã‡Ωñ‡Ω¢‡æó‡Ωº‡Ωë‡ºã‡Ωî‡ºç ‡Ωö‡Ω∫‡ºã‡Ω¢‡Ω≤‡ΩÑ‡ºã‡Ωë‡Ωñ‡æ±‡ΩÑ‡Ω¶‡ºã‡Ω¶‡æê‡æ±‡Ω≤‡Ωë‡ºç 02,https://youtu.be/nLC1nmYEffo?si=HH1hKNYtX6bSiUDZ,2023.0,‡Ω¶‡æí‡æ≤‡ºã‡Ωë‡Ω∫‡Ωñ‡ºã‡Ω†‡Ωº‡Ω¶‡ºã‡Ω¶‡æ¶‡æ±‡Ωº‡Ω¢‡ºç,Good,Tibet,Female,40-50,True,00:26:21
191,STT_PC0191,‡Ω†‡ΩÜ‡Ωë‡ºã‡ΩÅ‡æ≤‡Ω≤‡Ωë‡ºç ‡ΩÇ‡Ω¶‡Ω¢‡ºã‡Ω¢‡æ©‡Ωº‡Ωò‡ºã‡ΩÇ‡æ±‡Ω≤‡ºã‡Ωò‡æ±‡Ωº‡ΩÑ‡ºã‡Ωñ‡ºã‡Ωñ‡Ω¢‡æó‡Ωº‡Ωë‡ºã‡Ωî‡ºç ‡Ωö‡Ω∫‡ºã‡Ω¢‡Ω≤‡ΩÑ‡ºã‡Ωë‡Ωñ‡æ±‡ΩÑ‡Ω¶‡ºã‡Ω¶‡æê‡æ±‡Ω≤‡Ωë‡ºç 03,https://youtu.be/sSKSAsMHRwg?si=MUHd8vmNd-2CVGQu,2023.0,‡Ω¶‡æí‡æ≤‡ºã‡Ωë‡Ω∫‡Ωñ‡ºã‡Ω†‡Ωº‡Ω¶‡ºã‡Ω¶‡æ¶‡æ±‡Ωº‡Ω¢‡ºç,Good,Tibet,Female,40-50,True,00:27:15
192,STT_PC0192,‡Ωñ‡Ω¶‡Ωò‡ºã‡ΩÇ‡Ωû‡Ω≤‡ΩÇ‡ºã‡Ωê‡Ωº‡Ω¢‡ºã‡Ωñ‡Ω¥‡ºç ‡Ωï‡ºã‡Ω¶‡æê‡Ωë‡ºã‡ΩÇ‡Ωô‡ΩÑ‡ºã‡Ωò‡Ω†‡Ω≤‡ºã‡ΩÇ‡æ≥‡Ω∫‡ΩÑ‡ºã‡Ω¶‡æü‡Ω∫‡ΩÇ‡Ω¶‡ºç ‡ΩÇ‡ΩÑ‡Ω¶‡ºã‡Ωï‡æ≤‡Ω¥‡ΩÇ‡ºã‡Ω¶‡Ω∫‡ΩÑ‡ºã‡ΩÇ‡Ω∫@Gangtruk76,https://youtu.be/yZQeJIG31uw?si=JDi_Z8pDTRM-3pD0,2020.0,‡ΩÇ‡ΩÑ‡Ω¶‡ºã‡Ωï‡æ≤‡Ω¥‡ΩÇ,Good,Tibet,Male,30-40,True,00:12:15
193,STT_PC0193,‡Ωñ‡Ωº‡Ωë‡ºã‡ΩÄ‡æ±‡Ω≤‡ºã‡Ω¶‡æê‡Ωë‡ºã‡Ω°‡Ω≤‡ΩÇ‡ºã‡Ω¶‡æ≤‡Ω¥‡ΩÑ‡ºã‡Ω¶‡æê‡æ±‡Ωº‡Ωñ‡ºã‡Ωë‡ΩÑ‡ºã‡Ωë‡Ω¢‡ºã‡Ω†‡Ωï‡Ω∫‡Ω£‡ºã‡Ωñ‡ΩÇ‡æ≤‡Ωº‡ºã‡ΩÇ‡æ≥‡Ω∫‡ΩÑ‡ºã‡Ωö‡Ωº‡ΩÇ‡Ω¶‡ºã‡Ω†‡Ωë‡Ω¥‡ºã‡Ωâ‡Ω≤‡Ωì‡ºã‡ΩÇ‡Ωâ‡Ω≤‡Ω¶‡ºã‡Ωî‡Ω†‡Ω≤‡ºã‡Ωö‡Ωº‡ΩÇ‡Ω¶‡ºã‡Ωê‡Ω¥‡Ωì‡ºã‡ΩÇ‡Ω¶‡Ω¥‡Ωò‡ºã‡Ωî‡ºç,https://www.youtube.com/live/8ExBcawI2W0?si=CbcEUK7IsI7Henk0,2023.0,tibetan libr,Good,India,Male,50-60,True,01:36:25
194,STT_PC0194,"""Current Human Rights Situation in Tibet"" ‡Ωë‡ºã‡Ω£‡æü‡Ω†‡Ω≤‡ºã‡Ωñ‡Ωº‡Ωë‡ºã‡Ωì‡ΩÑ‡ºã‡ΩÇ‡Ω≤‡ºã‡Ω†‡ΩÇ‡æ≤‡Ωº‡ºã‡Ωñ‡ºã‡Ωò‡Ω≤‡Ω†‡Ω≤‡ºã‡Ωê‡Ωº‡Ωñ‡ºã‡Ωê‡ΩÑ‡ºã‡ΩÇ‡Ω≤‡ºã‡ΩÇ‡Ωì‡Ω¶‡ºã‡Ω¶‡æü‡ΩÑ‡Ω¶‡ºç",https://youtu.be/MuqWZ_LR9bo?si=YiSYvANtjm1MnaHd,2014.0,tibetan libr,Good,India,Female,40-50,True,00:41:43
195,STT_PC0195,‡Ω¶‡æ§‡æ±‡Ω≤‡ºã‡Ω†‡Ωê‡Ω¥‡Ω¶‡ºã‡Ωî‡Ωë‡æ®‡ºã‡Ω†‡Ωñ‡æ±‡Ω¥‡ΩÑ‡ºã‡ΩÇ‡Ωì‡Ω¶‡ºã‡Ωò‡ΩÜ‡Ωº‡ΩÇ‡ºã‡Ωì‡Ω¶‡ºã‡Ω£‡Ωº‡ºã‡ΩÑ‡Ωº‡ºã‡Ωñ‡ΩÖ‡Ω¥‡ºã‡Ωï‡æ≤‡ΩÇ‡ºã‡Ω£‡æî‡Ω†‡Ω≤‡ºã‡Ω¢‡Ω≤‡ΩÑ‡ºã‡ΩÇ‡Ω≤‡ºã‡Ωñ‡Ωº‡Ωë‡ºã‡Ωò‡Ω≤‡Ω†‡Ω≤‡ºã‡Ω¶‡æí‡æ≤‡Ω≤‡ΩÇ‡ºã‡Ω†‡Ωõ‡Ω¥‡ΩÇ‡Ω¶‡ºã‡Ω¶‡æê‡Ωº‡Ω¢‡ºã‡ΩÇ‡Ω¶‡Ω¥‡ΩÑ‡ºã‡Ωñ‡Ω§‡Ωë‡ºç,https://youtu.be/ltIsJdwpCF8?si=ZM2bt-Vl1fQQK5g7,2016.0,tibetan libr,Good,India,Male,50-60,True,00:51:23
196,STT_PC0196,Mr. Tenzin Dorje's Talk on Translation in the 11th Intensive Translaton Program,https://youtu.be/1apMJV09TE4?si=czJ0KXeMNfeK-wA1,2016.0,tibetan libr,Good,India,Male,50-60,True,00:57:43
197,STT_PC0197,Importance of multiple languages in translation and challenges in onomastic transliteration,https://youtu.be/2U_xQ0pjq8I?si=myvwCv8hC_ZElIxx,2016.0,tibetan libr,Good,India,Male,60-70,True,01:47:29
198,STT_PC0198,Duechung Phuntsok Tsering's Talk on Tibetan Calligraphy and Essence of his Life,https://youtu.be/DJiKxlS-5Bw?si=fI0TfBfwfwsIrlMc,2016.0,tibetan libr,Good,India,Male,40-50,True,00:32:38
199,STT_PC0199,‡Ω¢‡æ´‡Ωº‡ΩÑ‡ºã‡Ω¶‡Ω¢‡ºã‡Ωò‡ΩÅ‡æ±‡Ω∫‡Ωì‡ºã‡Ωñ‡Ω¢‡æ©‡Ω∫‡ºã‡Ω¢‡Ω≤‡Ωì‡ºã‡Ωî‡Ωº‡ºã‡ΩÜ‡Ω∫‡Ω†‡Ω≤‡ºã‡Ωò‡Ωé‡æú‡Ω£‡ºã‡Ω£‡æó‡ΩÇ‡Ω¶‡ºã‡Ωñ‡Ω§‡Ωë‡ºç | Mandala Speech | Dzongsar Khyentse Rinpoche,https://youtu.be/YCVNkrjTQC0?si=Dcu_7X_5WCEPlzWA,2023.0,tibetan libr,Good,India,Male,40-50,True,00:23:14
200,STT_PC0200,"A dialogue between Buddhist and Scientific Perspectives in Tibetan, Part three mp4",https://youtu.be/QAsB6l3hH9o?si=by_R1x6b-7tuRdsa,2013.0, Tibethaus Deutschland Tibet House Germany,Good,India,Male,70_80,True,00:53:18
201,STT_PC0201,‡Ω¢‡æí‡æ±‡Ω£‡ºã‡Ω¶‡æ§‡æ±‡Ω≤‡Ω†‡Ω≤‡ºã‡Ωì‡ΩÑ‡ºã‡Ωñ‡Ωº‡Ωë‡ºã‡Ωë‡Ωº‡Ωì‡ºã‡ΩÇ‡æ±‡Ω≤‡ºã‡ΩÇ‡Ω£‡ºã‡ΩÇ‡Ωì‡Ωë‡ºã‡Ω¢‡ΩÑ‡ºã‡Ωñ‡Ωû‡Ω≤‡Ωì‡ºã‡Ωû‡Ω∫‡Ω¶‡ºã‡Ωî‡Ω†‡Ω≤‡ºã‡Ωñ‡Ω¢‡æó‡Ωº‡Ωë‡ºã‡ΩÇ‡Ωû‡Ω≤‡ºã‡Ωê‡Ωº‡ΩÇ‡Ω¶‡ºã‡Ωñ‡ΩÄ‡Ω†‡ºã‡Ω¶‡æ≥‡Ωº‡Ωñ‡ºã‡ΩÇ‡Ω¶‡Ω¥‡ΩÑ‡ºã‡Ωñ‡Ω§‡Ωë‡ºç,https://youtu.be/mpZTwOl4raA?si=7Mvl0zIv7LXUUc00,2018.0,Samdhong Rinpoche,Good,India,Male,70_80,True,02:02:04
202,STT_PC0202,‡º¢‡º†‡º¢‡º£ ‡Ωü‡æ≥‡ºã ‡º°‡º† ‡Ωö‡Ω∫‡Ω¶‡ºã ‡º¢‡º© ‡Ωâ‡Ω≤‡Ωì‡ºã‡Ω¶‡æ£‡ΩÑ‡ºã‡Ωö‡Ω¥‡Ω£‡ºã‡Ωë‡ΩÑ‡ºã‡ΩÇ‡Ωì‡Ω¶‡ºã‡Ωö‡Ω¥‡Ω£‡ºã‡Ωû‡Ω∫‡Ω¶‡ºã‡Ωî‡Ω†‡Ω≤‡ºã‡Ωñ‡Ω¢‡æó‡Ωº‡Ωë‡ºã‡ΩÇ‡Ωû‡Ω≤‡Ω†‡Ω≤‡ºã‡Ωê‡Ωº‡ΩÇ‡ºã‡ΩÇ‡Ω¶‡Ω¥‡ΩÑ‡ºã‡Ωñ‡Ω§‡Ωë‡ºã‡Ωñ‡Ω¶‡æ©‡Ω£‡ºã‡Ωñ‡ºç,https://youtu.be/jHJMmMRlPsk?si=6sBgfZk-nHwrnKpb,2023.0,Samdhong Rinpoche,Good,India,Male,70_80,True,00:35:22
203,STT_PC0203,‡Ωï‡æ±‡Ω≤‡ºã‡Ω£‡Ωº‡ºã‡º¢‡º†‡º¢‡º¢‡Ωü‡æ≥‡ºã‡ºß ‡Ωö‡Ω∫‡Ω¶‡ºã‡ºß ‡Ωâ‡Ω≤‡Ωì‡ºã‡Ω¢‡æí‡æ±‡Ω£‡ºã‡Ω¶‡æ§‡æ±‡Ω≤‡Ω†‡Ω≤‡ºã‡Ωë‡ΩÇ‡Ω∫‡ºã‡Ω£‡æ°‡Ωì‡ºã‡Ω£‡æ∑‡Ωì‡ºã‡Ωö‡Ωº‡ΩÇ‡Ω¶‡ºã‡ΩÄ‡æ±‡Ω≤‡ºã‡Ωò‡Ωõ‡Ωë‡ºã‡Ω¶‡æí‡Ωº‡Ω¢‡ºã‡ΩÇ‡Ω¶‡Ω¥‡ΩÑ‡ºã‡Ωñ‡Ω§‡Ωë‡ºã‡ΩÇ‡Ωì‡ΩÑ‡ºã‡Ωñ‡ºç‡ºç,https://youtu.be/P5v-lHvLlzY?si=SA4TUp8IBBob1W6_,2022.0,Samdhong Rinpoche,Good,India,Male,70_80,True,00:20:23
204,STT_PC0204,‡Ω§‡Ω∫‡Ω¶‡ºã‡Ω°‡Ωº‡Ωì‡ºã‡Ωë‡ΩÑ‡ºã‡Ω¶‡æ≥‡Ωº‡Ωñ‡ºã‡ΩÇ‡Ωâ‡Ω∫‡Ω¢‡ºç,https://youtu.be/isBAQO1UH0o?si=R3VOXX2NWKEkAEhb,2016.0,Samdhong Rinpoche,Good,India,Male,70_80,True,02:01:15
205,STT_PC0205,‡Ω¶‡ºã‡ΩÇ‡Ωì‡Ω¶‡ºã‡Ω†‡ΩÇ‡Ωº‡ºã‡Ω†‡Ωõ‡Ω≤‡Ωì‡ºã‡Ω¢‡æ£‡Ωò‡Ω¶‡ºã‡Ω£‡ºã‡ºß‡ΩÇ‡Ωº‡ΩÑ‡ºã‡Ω¶‡ºã‡ºß‡Ω¶‡æê‡æ±‡Ωñ‡Ω¶‡ºã‡Ωò‡ΩÇ‡Ωº‡Ωì‡ºã‡ΩÜ‡Ω∫‡Ωì‡ºã‡Ωî‡Ωº‡Ω†‡Ω≤‡ºã‡Ωë‡ΩÇ‡Ωº‡ΩÑ‡Ω¶‡ºã‡Ωñ‡Ωû‡Ω∫‡Ωë‡ºã‡Ω¶‡æí‡æ≤‡Ω¥‡Ωñ‡ºã‡Ωî‡Ω¢‡ºã‡Ωû‡Ωñ‡Ω¶‡ºã‡Ω†‡Ωë‡Ω∫‡ΩÇ‡Ω¶‡ºã‡Ωû‡Ω¥‡ºã‡Ωï‡æ±‡Ωº‡ΩÇ‡Ω¶‡ºã‡Ωê‡Ωë‡ºã‡ΩÇ‡Ω¶‡Ω¥‡ΩÑ‡ºã‡Ωî‡ºç‡ºç,https://youtu.be/hBnhw-8phUw?si=UJ9CWaa23Ojm1IFa,2023.0,Samdhong Rinpoche,Good,India,Male,70_80,True,01:32:00
206,STT_PC0206,‡º¢‡º†‡º¢‡º£‡Ωü‡æ≥‡ºã‡º©‡Ωö‡Ω∫‡Ω¶‡ºã‡º°‡ºß‡Ωâ‡Ω≤‡Ωì‡ºã‡Ω§‡Ω∫‡Ω¶‡ºã‡Ω°‡Ωº‡Ωì‡ºã‡Ω¶‡æ≤‡Ω≤‡Ωë‡ºã‡Ωñ‡æ±‡Ω¥‡Ω¶‡ºã‡Ωë‡ΩÑ‡ºã‡Ωï‡ºã‡Ωò‡Ω†‡Ω≤‡ºã‡Ω£‡Ω¶‡ºã‡Ω†‡ΩÇ‡Ωì‡ºã‡Ωû‡Ω∫‡Ω¶‡ºã‡Ωî‡Ω†‡Ω≤‡ºã‡Ωñ‡Ω¢‡æó‡Ωº‡Ωë‡ºã‡ΩÇ‡Ωû‡Ω≤‡Ω†‡Ω≤‡ºã‡Ωê‡Ωº‡ΩÇ‡ºã‡ΩÇ‡Ω¶‡Ω¥‡ΩÑ‡ºã‡Ωñ‡Ω§‡Ωë‡ºã‡ΩÇ‡Ωì‡ΩÑ‡ºã‡Ωñ‡ºç‡ºç,https://youtu.be/_mPzOe3MmxY?si=i7MG-cW_SffnLWfR,2023.0,Samdhong Rinpoche,Good,India,Male,70_80,True,01:17:32
207,STT_PC0207,‡º¢‡º†‡º¢‡º† ‡Ωï‡æ±‡Ω≤‡ºã‡Ωü‡æ≥‡ºã ‡º£ ‡Ωö‡Ω∫‡Ω¶‡ºã ‡º£ ‡Ωâ‡Ω≤‡Ωì‡ºã‡Ωë‡Ωñ‡Ω¥‡Ω¶‡ºã‡ΩÇ‡Ωô‡ΩÑ‡ºã‡Ω£‡Ωº‡ºã‡Ω¢‡æí‡æ±‡Ω¥‡Ω¶‡ºã‡ΩÜ‡Ω∫‡Ωì‡ºã‡Ωò‡Ωº‡Ω†‡Ω≤‡ºã‡Ωï‡æ±‡ΩÇ‡ºã‡Ωë‡Ω∫‡Ωñ‡ºã‡Ωë‡Ωñ‡Ω¥‡ºã‡Ω†‡Ωñ‡æ±‡Ω∫‡Ωë‡ºã‡Ωò‡Ωõ‡Ωë‡ºã‡Ω¶‡æí‡Ωº‡Ω¢‡ºã‡ΩÇ‡Ω¶‡Ω¥‡ΩÑ‡ºã‡Ωñ‡Ω§‡Ωë‡ºç,https://youtu.be/1qzMWYsEuxE?si=BobrhZe8iHsDUGlL,2020.0,Samdhong Rinpoche,Good,India,Male,70_80,True,00:53:50
208,STT_PC0208,‡Ωë‡Ωò‡Ω¢‡ºã‡Ωî‡Ωº‡Ω†‡Ω≤‡ºã‡Ω£‡æü‡ºã‡ΩÇ‡æ≤‡Ω¥‡Ωñ‡ºã‡Ωë‡ΩÑ‡ºã‡Ωì‡ΩÑ‡ºã‡Ωî‡Ω†‡Ω≤‡ºã‡Ω£‡æü‡ºã‡ΩÇ‡æ≤‡Ω¥‡Ωñ‡ºã‡ΩÇ‡Ωâ‡Ω≤‡Ω¶‡ºã‡ΩÄ‡æ±‡Ω≤‡ºã‡Ωò‡Ωö‡Ω¥‡ΩÑ‡Ω¶‡ºã‡Ωñ‡Ω¶‡æ°‡Ω¥‡Ω¢‡ºã‡Ω¶‡æ≥‡Ωº‡Ωñ‡ºã‡Ω¶‡æ¶‡æ±‡Ωº‡ΩÑ‡ºã‡ºç,https://youtu.be/CW7q7LW2XOg?si=hcQxUVOjMmpIIjWI,2009.0,Samdhong Rinpoche,Good,India,Male,70_80,True,02:06:45
209,STT_PC0209,‡Ω¶‡æê‡Ωñ‡Ω¶‡ºã‡º°‡º• ‡ΩÇ‡æ≤‡Ωº‡Ω¶‡ºã‡Ωö‡Ωº‡ΩÇ‡Ω¶‡ºã‡Ωë‡Ω¥‡Ω¶‡ºã‡Ωë‡ΩÑ‡ºã‡Ωî‡Ωº‡Ω†‡Ω≤‡ºã‡Ω¶‡æê‡Ωñ‡Ω¶‡ºã‡Ωñ‡ΩÄ‡Ω†‡ºã‡Ω§‡ΩÇ‡ºã‡ΩÇ‡Ω≤‡ºã‡ΩÇ‡Ω¶‡Ω£‡ºã‡Ωñ‡Ω§‡Ωë‡ºç,https://youtu.be/1nVAbI2FQ5Q?si=vqwllulBeEYXe7PM,2011.0,Samdhong Rinpoche,Good,India,Male,70_80,True,01:11:46
210,STT_PC0210,‡Ω†‡Ωö‡Ω∫‡ºã‡Ωò‡Ω∫‡Ωë‡ºã‡Ωû‡Ω≤‡ºã‡Ωñ‡Ω†‡Ω≤‡ºã‡Ω£‡æü‡ºã‡Ω¶‡æí‡Ωº‡Ωò‡ºã‡Ω¶‡æ§‡æ±‡Ωº‡Ωë‡ºã‡ΩÇ‡Ω¶‡Ω¥‡Ωò‡ºã‡Ω¶‡æê‡Ωº‡Ω¢‡ºç,https://youtu.be/3rp8JT1Q-jk?si=MTh8D6nhvqp5kF_l,2016.0,Samdhong Rinpoche,Good,India,Male,70_80,True,01:55:50
211,STT_PC0211,‡Ωñ‡Ωë‡ΩÇ‡ºã‡Ωâ‡Ω≤‡Ωë‡ºã‡ΩÜ‡Ω∫‡Ωì‡ºã‡Ωî‡Ωº‡ºã‡Ω¶‡æ≥‡Ωº‡Ωñ‡ºã‡Ωë‡Ωî‡Ωº‡Ωì‡ºã‡Ωü‡Ωò‡ºã‡ΩÇ‡Ωë‡Ωº‡ΩÑ‡ºã‡Ω¢‡Ω≤‡Ωì‡ºã‡Ωî‡Ωº‡ºã‡ΩÜ‡Ω∫‡Ω¶‡ºã‡Ωñ‡Ωº‡Ωë‡ºã‡Ωò‡Ω≤‡Ω†‡Ω≤‡ºã‡Ω°‡ºã‡Ω¢‡Ωñ‡Ω¶‡ºã‡Ωñ‡Ωü‡ΩÑ‡ºã‡Ω¶‡æ§‡æ±‡Ωº‡Ωë‡ºã‡ΩÄ‡æ±‡Ω≤‡ºã‡ΩÇ‡Ωì‡Ω¶‡ºã‡Ω¶‡æü‡ΩÑ‡Ω¶‡ºã‡Ω¶‡æê‡Ωº‡Ω¢‡ºã‡ΩÇ‡Ω¶‡Ω¥‡ΩÑ‡ºã‡Ωñ‡Ω§‡Ωë‡ºç,https://youtu.be/EKDkgtTNShM?si=Ih3QyfTfxFI9zF2j,2016.0,Samdhong Rinpoche,Good,India,Male,70_80,True,01:32:10
212,STT_PC0212,‡Ωë‡Ω∫‡ΩÑ‡ºã‡Ωë‡Ω¥‡Ω¶‡ºã‡Ω§‡Ω∫‡Ω¶‡ºã‡Ω°‡Ωº‡Ωì‡ºã‡Ωë‡ΩÑ‡ºã‡Ω†‡Ωñ‡æ≤‡Ω∫‡Ω£‡ºã‡Ωñ‡Ω†‡Ω≤‡ºã‡Ω°‡ºã‡Ω¢‡Ωñ‡Ω¶‡ºã‡Ωñ‡Ωü‡ΩÑ‡ºã‡Ω¶‡æ§‡æ±‡Ωº‡Ωë‡ºã‡ΩÇ‡Ω£‡ºã‡ΩÜ‡Ω∫‡Ω†‡Ω≤‡ºã‡Ω¶‡æê‡Ωº‡Ω¢‡ºã‡ΩÇ‡Ω¶‡Ω¥‡ΩÑ‡ºã‡Ωñ‡Ω§‡Ωë‡ºã‡ΩÇ‡Ωì‡ΩÑ‡ºã‡Ωñ‡ºç,https://youtu.be/13bOjazU8tI?si=ozagxaffwkOaz4Jq,2016.0,Samdhong Rinpoche,Good,India,Male,70_80,True,01:15:12
213,STT_PC0213,"‡Ωë‡Ω¥‡Ω¶‡ºã‡Ω¢‡Ωñ‡Ω¶‡ºã‡Ωâ‡Ω∫‡Ω¢‡ºã‡ΩÇ‡ΩÖ‡Ω≤‡ΩÇ‡ºã‡Ωî‡Ω†‡Ω≤‡ºã‡Ωì‡ΩÑ‡ºã‡Ωî‡ºã‡Ωû‡Ω≤‡ΩÇ‡ºã‡Ωñ‡æ±‡Ω∫‡Ωë‡ºã‡Ωî‡Ω†‡Ω≤‡ºã‡ΩÜ‡ºã‡Ω¢‡æê‡æ±‡Ω∫‡Ωì‡ºã‡Ωë‡ΩÑ‡ºã‡Ω†‡Ωº‡Ω¶‡ºã‡Ω†‡ΩÇ‡Ωì‡ºã""‡Ωû‡Ω∫‡Ω¶‡ºã‡Ωî‡Ω†‡Ω≤‡ºã‡Ωñ‡Ω¢‡æó‡Ωº‡Ωë‡ºã‡ΩÇ‡Ωû‡Ω≤‡Ω†‡Ω≤‡ºã‡Ωê‡Ωº‡ΩÇ‡ºã‡ΩÇ‡Ω¶‡Ω¥‡ΩÑ‡ºã‡Ωñ‡Ω§‡Ωë‡ºç",https://youtu.be/0YNPN93jRks?si=n4hliBEqmTGoD9Vx,2017.0,Samdhong Rinpoche,Good,India,Male,70_80,True,01:46:31
214,STT_PC0214,‡Ωñ‡Ωº‡Ωë‡ºã‡ΩÄ‡æ±‡Ω≤‡ºã‡Ω¶‡æê‡Ωë‡ºã‡Ω°‡Ω≤‡ΩÇ‡ºã‡ΩÇ‡Ω≤‡ºã‡Ωñ‡Ωº‡Ωë‡ºã‡Ωò‡Ω≤‡ºã‡Ω¢‡Ω≤‡ΩÇ‡Ω¶‡ºã‡ΩÄ‡æ±‡Ω≤‡ºã‡ΩÑ‡Ωº‡ºã‡Ωñ‡Ωº‡ºã‡Ωò‡Ωö‡Ωº‡Ωì‡ºã‡Ωê‡Ω¥‡Ωñ‡ºã‡Ωò‡Ω≤‡Ωì‡ºã‡Ω¶‡æê‡Ωº‡Ω¢‡ºã‡ΩÇ‡Ω¶‡Ω¥‡ΩÑ‡ºã‡Ωñ‡Ω§‡Ωë‡ºç,https://youtu.be/sy6M1Zihx5c?si=d60GLpHMMXc8HmRE,2016.0,Samdhong Rinpoche,Good,India,Male,70_80,True,01:58:15
215,STT_PC0215,‡Ωñ‡Ωº‡Ωë‡ºã‡ΩÄ‡æ±‡Ω≤‡ºã‡Ωñ‡Ω¥‡Ωë‡ºã‡Ωò‡Ω∫‡Ωë‡ºã‡Ω£‡æ∑‡Ωì‡ºã‡Ωö‡Ωº‡ΩÇ‡Ω¶‡ºã‡ΩÄ‡æ±‡Ω≤‡ºã‡Ωö‡Ωº‡ΩÇ‡Ω¶‡ºã‡ΩÜ‡Ω∫‡Ωì‡ºã‡ΩÇ‡æ±‡Ω≤‡ºã‡Ωë‡Ωñ‡Ω¥‡ºã‡Ω†‡Ωñ‡æ±‡Ω∫‡Ωë‡ºã‡Ωò‡Ωõ‡Ωë‡ºã‡Ω¶‡æí‡Ωº‡Ω¢‡ºã‡ΩÇ‡Ω¶‡Ω¥‡ΩÑ‡ºã‡Ωñ‡Ω§‡Ωë‡ºã‡ΩÇ‡Ωì‡ΩÑ‡ºã‡Ωñ‡ºç,https://youtu.be/EjBQHwFjp2Q?si=MtbU_5zVJVbqCzK7,2024.0,Samdhong Rinpoche,Good,India,Male,50-60,True,00:47:06
216,STT_PC0216,‡Ωò‡ΩÇ‡Ωº‡Ωì‡ºã‡Ωî‡Ωº‡Ω†‡Ω≤‡ºã‡Ωñ‡Ωº‡Ωë‡ºã‡ΩÄ‡æ±‡Ω≤‡ºã‡Ω£‡Ωº‡ºã‡Ω¢‡æí‡æ±‡Ω¥‡Ω¶‡ºã‡Ωë‡Ωî‡Ω∫‡ºã‡Ωò‡Ωõ‡Ωº‡Ωë‡ºã‡ΩÅ‡ΩÑ‡ºã‡Ωë‡Ωñ‡Ω¥‡ºã‡Ω†‡Ωñ‡æ±‡Ω∫‡Ωë‡ºã‡Ωë‡ΩÑ‡ºã‡Ω†‡Ωñ‡æ≤‡Ω∫‡Ω£‡ºã‡Ωë‡Ωî‡Ω∫‡ºã‡Ωò‡Ωõ‡Ωº‡Ωë‡ºã‡ΩÅ‡ΩÑ‡ºã‡Ωë‡ΩÑ‡ºã‡Ω£‡Ωº‡ºã‡Ω¢‡æí‡æ±‡Ω¥‡Ω¶‡ºã‡Ω¶‡æê‡Ωº‡Ω¢‡ºã‡ΩÇ‡Ω¶‡Ω¥‡ΩÑ‡ºã‡Ωñ‡Ω§‡Ωë‡ºç‡ºç,https://youtu.be/2sed9fhR48M?si=ofxjxhcrlTSLLhzF,2023.0,Samdhong Rinpoche,Good,India,Male,70_80,True,00:45:44
217,STT_PC0217,An Exclusive Interview with Kalon Tripa Samdhong Rinpoche,https://youtu.be/2qHmn4Lm4Sw?si=CWnNP7GlIb3SoXVA,2011.0,VOA,Good,India,Male,70_80,True,00:41:52
218,STT_PC0218,‡Ωñ‡Ωô‡Ωì‡ºã‡Ωñ‡æ±‡Ωº‡Ω£‡ºã‡Ωñ‡Ωº‡Ωë‡ºã‡Ωò‡Ω≤‡Ω†‡Ω≤‡ºã‡Ωë‡Ωò‡Ω≤‡ΩÇ‡Ω¶‡ºã‡Ωñ‡Ω¶‡Ω£‡ºã‡Ωö‡Ωº‡ΩÇ‡Ω¶‡ºã‡ΩÜ‡Ω∫‡Ωì‡ºã‡Ωê‡Ω∫‡ΩÑ‡Ω¶‡ºã‡Ωë‡ΩÑ‡ºã‡Ωî‡Ωº‡Ω†‡Ω≤‡ºã‡Ωò‡Ωá‡Ω¥‡ΩÇ‡ºã‡Ω¶‡æ°‡Ωº‡Ωò‡ºã‡ΩÇ‡Ω¶‡Ω¥‡ΩÑ‡ºã‡Ωñ‡Ω§‡Ωë‡ºã‡ΩÇ‡Ωì‡ΩÑ‡ºã‡Ωñ‡ºç,https://youtu.be/uPZKbuAIM80?si=HYoQk6J_HzwQW1E4,2021.0,Samdhong Rinpoche,Good,India,Male,70_80,True,01:12:33
219,STT_PC0219,Speech about Tengyul Translation on 11 Jan 2011,https://youtu.be/iR3i3uJ0wDQ?si=MUbQdSNKW8RrC-wk,2011.0,Samdhong Rinpoche,Good,India,Male,70_80,True,00:30:24
220,STT_PC0220,‡Ω†‡Ωñ‡æ±‡Ω¥‡ΩÑ‡ºã‡Ω†‡ΩÇ‡æ±‡Ω¥‡Ω¢‡ºã‡Ω£‡Ωº‡ºã‡Ω£‡æî‡ºã‡Ωñ‡ΩÖ‡Ω¥‡Ω†‡Ω≤‡ºã‡Ω¢‡Ω≤‡ΩÑ‡ºã‡ΩÇ‡Ω≤‡ºã‡Ωñ‡Ωº‡Ωë‡ºã‡Ωò‡Ω≤‡ºã‡Ω¢‡Ω≤‡ΩÇ‡Ω¶‡ºã‡ΩÄ‡æ±‡Ω≤‡ºã‡Ω¢‡æ©‡ºã‡Ωë‡Ωº‡Ωì‡ºã‡Ω¶‡æí‡æ≤‡Ω¥‡Ωñ‡ºã‡Ωï‡æ±‡Ωº‡ΩÇ‡Ω¶‡ºã‡Ω†‡ΩÜ‡Ω¢‡ºã‡Ω¶‡æ£‡ΩÑ‡ºã‡Ω¶‡æê‡Ωº‡Ω¢‡ºã‡Ω£‡Ωò‡ºã‡Ω¶‡æü‡Ωº‡Ωì‡ºã‡ΩÇ‡Ω¶‡Ω¥‡ΩÑ‡ºã‡Ωñ‡Ω§‡Ωë‡ºç,https://youtu.be/XHECvXbPSDE?si=10umxqdhZMILWJDI,2010.0,Samdhong Rinpoche,Good,India,Male,70_80,True,01:02:02
221,STT_PC0221,"""‡Ωë‡Ω¥‡Ω¶‡ºã‡Ω¢‡Ωñ‡Ω¶‡ºã‡Ωâ‡Ω∫‡Ω¢‡ºã‡ΩÇ‡ΩÖ‡Ω≤‡ΩÇ‡ºã‡Ωî‡Ω†‡Ω≤‡ºã‡Ω¢‡Ωñ‡ºã‡Ωñ‡æ±‡Ω¥‡ΩÑ‡ºã‡Ωá‡Ω≤‡ºã‡Ω£‡æü‡Ω¢‡ºã‡Ωñ‡æ±‡Ω∫‡Ωë‡ºã"" ‡ΩÖ‡Ω∫‡Ω¶‡ºã‡Ωî‡Ω†‡Ω≤‡ºã‡Ωñ‡Ω¢‡æó‡Ωº‡Ωë‡ºã‡ΩÇ‡Ωû‡Ω≤‡Ω†‡Ω≤‡ºã‡Ωê‡Ωº‡ΩÇ‡ºã‡ΩÇ‡Ω¶‡Ω¥‡ΩÑ‡ºã‡Ωñ‡Ω§‡Ωë‡ºã‡ΩÇ‡Ωì‡ΩÑ‡ºã‡Ωñ‡ºç",https://youtu.be/WgGC3orgcck?si=Qmm_cVRnAfG2zJhE,2018.0,Samdhong Rinpoche,Good,India,Male,70_80,True,01:49:26
222,STT_PC0222,he Preservation of Tibetan Language and Culture with Professor Samdhong Rinpoche,https://youtu.be/8Hy4Lm-n7q8?si=V7GffFFAb0_1HRdh,2023.0,Samdhong Rinpoche,Good,India,Male,70_80,True,01:40:43
223,STT_PC0223,Prof. Samdhong Rinpoche gave a guidance talk on non-violence peace based on Buddhist teachings.,https://youtu.be/-MSChQW7SvE?si=atwyBU3TjYxtzo0e,2019.0,Samdhong Rinpoche,Good,India,Male,70_80,True,01:28:23
224,STT_PC0224,‡ΩÜ‡Ωº‡Ω¶‡ºã‡Ωë‡ΩÇ‡Ω∫‡ºã‡Ωü‡Ωñ‡ºã‡Ω¶‡æ¶‡æ±‡Ωº‡ΩÑ‡ºã‡Ωê‡Ωº‡ΩÇ‡ºã‡Ω£‡Ωò‡ºã‡Ω¶‡æü‡Ωº‡Ωì‡ºã‡ΩÇ‡Ω¶‡Ω¥‡ΩÑ‡ºã‡Ωñ‡Ω§‡Ωë‡ºç,https://youtu.be/2eK1iDO7iwM?si=r7JUAGPL8Pwk1imS,2008.0,Samdhong Rinpoche,Good,India,Male,60-70,True,01:51:07
225,STT_PC0225,‡Ω§‡Ω∫‡Ω¶‡ºã‡Ω°‡Ωº‡Ωì‡ºã‡Ω¶‡æ≤‡Ω≤‡Ωë‡ºã‡Ωñ‡æ±‡Ω¥‡Ω¶‡ºã‡ΩÄ‡æ±‡Ω≤‡ºã‡Ω¶‡æ§‡æ±‡Ω≤‡ºã‡Ω°‡Ωº‡ΩÑ‡Ω¶‡ºã‡Ωñ‡æ±‡Ω∫‡Ωë‡ºã‡Ω¶‡æí‡Ωº‡ºã‡Ω£‡Ωò‡ºã‡Ω¶‡æü‡Ωº‡Ωì‡ºã‡Ωû‡Ω∫‡Ω¶‡ºã‡Ωî‡Ω†‡Ω≤‡ºã‡Ωñ‡Ω¢‡æó‡Ωº‡Ωë‡ºã‡ΩÇ‡Ωû‡Ω≤‡Ω†‡Ω≤‡ºã‡Ωê‡Ωº‡ΩÇ‡ºã‡ΩÇ‡Ω¶‡Ω¥‡ΩÑ‡ºã‡Ωñ‡Ω§‡Ωë‡ºç,https://youtu.be/yKTS_iMzGH8?si=qonRjrP2LESkK7Ae,2017.0,Samdhong Rinpoche,Good,India,Male,60-70,True,02:01:22
226,STT_PC0226,‡Ωì‡ΩÑ‡ºã‡Ωî‡Ω†‡Ω≤‡ºã‡Ω£‡æü‡ºã‡ΩÇ‡æ≤‡Ω¥‡Ωñ‡ºã‡Ωë‡ΩÑ‡ºã‡ΩÇ‡æ∑‡Ωì‡ºã‡Ωë‡æ∑‡Ω≤‡Ω†‡Ω≤‡ºã‡Ω£‡æü‡ºã‡ΩÇ‡æ≤‡Ω¥‡Ωñ‡ºã‡ΩÇ‡Ωû‡Ω≤‡Ω¢‡ºã‡ΩÇ‡ΩÖ‡Ωº‡Ω£‡ºã‡Ωñ‡Ω†‡Ω≤‡ºã‡Ω†‡Ωö‡Ω∫‡ºã‡Ωò‡Ω∫‡Ωë‡ºã‡Ω£‡æü‡ºã‡ΩÇ‡Ωº‡Ωò‡Ω¶‡ºã‡Ω¶‡æ§‡æ±‡Ωº‡Ωë‡ºã‡ΩÇ‡Ω¶‡Ω¥‡Ωò‡ºã‡Ω¶‡æê‡Ωº‡Ω¢‡ºã‡ΩÇ‡Ω¶‡Ω¥‡ΩÑ‡ºã‡Ωñ‡Ω§‡Ωë‡ºã‡ΩÇ‡Ωì‡ΩÑ‡ºã‡Ωñ‡ºç,https://youtu.be/ayTSAdUEEZk?si=6yCCJ-pDPaaZ406g,2016.0,Samdhong Rinpoche,Good,India,Male,60-70,True,01:55:59
227,STT_PC0227,‡Ωñ‡Ωô‡Ωì‡ºã‡Ωñ‡æ±‡Ωº‡Ω£‡ºã‡Ωñ‡Ωº‡Ωë‡ºã‡Ωò‡Ω≤‡Ω†‡Ω≤‡ºã‡Ωë‡Ωò‡Ω≤‡ΩÇ‡Ω¶‡ºã‡Ωñ‡Ω¶‡Ω£‡ºã‡Ωö‡Ωº‡ΩÇ‡Ω¶‡ºã‡ΩÜ‡Ω∫‡Ωì‡ºã‡Ωê‡Ω∫‡ΩÑ‡Ω¶‡ºã‡Ωë‡ΩÑ‡ºã‡Ωî‡Ωº‡Ω†‡Ω≤‡ºã‡Ωë‡Ωñ‡Ω¥‡ºã‡Ω†‡Ωñ‡æ±‡Ω∫‡Ωë‡ºã‡ΩÇ‡Ω¶‡Ω¥‡ΩÑ‡ºã‡Ωñ‡Ω§‡Ωë‡ºã‡ΩÇ‡Ωì‡ΩÑ‡ºã‡Ωñ‡ºç,https://youtu.be/iqf4e93b-Yc?si=HUhToeShg3Jvd0ye,2008.0,Samdhong Rinpoche,Good,India,Male,60-70,True,00:33:40
228,STT_PC0228,‡Ωò‡Ω≤‡ºã‡Ω£‡Ωº‡ºã‡º£‡º† ‡Ωâ‡Ωò‡Ω¶‡ºã‡Ωò‡æ±‡Ωº‡ΩÑ‡ºã‡Ω£‡æ°‡Ωì‡ºã‡Ωî‡Ω†‡Ω≤‡ºã‡Ωñ‡Ωº‡Ωë‡ºã‡Ωì‡ΩÑ‡ºã‡ΩÇ‡Ω≤‡ºã‡Ωë‡ΩÇ‡Ω∫‡ºã‡Ω¢‡æí‡Ωì‡ºã‡Ωû‡Ω≤‡ΩÇ‡ºã‡ΩÇ‡Ω≤‡Ω¶‡ºã‡ΩÅ‡æ±‡Ω≤‡Ωò‡ºã‡Ωö‡ΩÑ‡ºã‡Ω¶‡æ≥‡Ωº‡Ωñ‡ºã‡ΩÇ‡Ω¶‡Ωº‡Ω†‡Ω≤‡ºã‡Ωë‡ΩÇ‡Ω∫‡ºã‡Ω¶‡æê‡æ±‡Ωº‡Ωì‡ºã‡ΩÇ‡æ≥‡Ω∫‡ΩÑ‡ºã‡Ωñ‡ºç (‡Ωñ‡Ω¢‡æô‡Ωì‡ºç),https://youtu.be/tTO1mLaOjhU?si=3oiIBBZ7Dr7qUCee,2024.0,‡Ω§‡Ω∫‡Ω¶‡ºã‡Ω¢‡Ωñ‡ºã‡ΩÄ‡æ±‡Ω≤‡ºã‡Ω†‡Ωº‡Ωë‡ºã‡Ω¶‡æ£‡ΩÑ‡ºã,Good,India,Female,40-50,True,00:45:22
229,STT_PC0229,‡Ωò‡ºã‡Ωâ‡Ωì‡ºã‡Ωê‡Ωñ‡Ω¶‡ºã‡Ωò‡Ω∫‡Ωë‡ºã‡Ω°‡Ω≤‡Ωì‡ºã‡Ωî‡Ω†‡Ω≤‡ºã‡Ωñ‡ΩÄ‡Ω¥‡Ω¢‡ºã‡Ω†‡Ωº‡Ω¶‡ºã‡Ωë‡ΩÇ‡Ω∫‡ºã‡Ω¢‡æí‡Ωì‡ºã‡Ωñ‡Ωü‡ΩÑ‡ºã‡Ωî‡Ωº‡ºã‡Ωû‡Ω≤‡ΩÇ‡ºã‡ΩÇ‡Ω≤‡ºã‡Ω¶‡æô‡Ω≤‡ΩÑ‡ºã‡ΩÇ‡Ωè‡Ωò‡ºç,https://youtu.be/a140CjnjEuo?si=zB1PsWMPvj8uzclh,2021.0,‡Ω§‡Ω∫‡Ω¶‡ºã‡Ω¢‡Ωñ‡ºã‡ΩÄ‡æ±‡Ω≤‡ºã‡Ω†‡Ωº‡Ωë‡ºã‡Ω¶‡æ£‡ΩÑ‡ºã,Good,India,Male,60-70,True,00:24:15
230,STT_PC0230,Tulku system by Dagyab Kyabg√∂n Rinpoche ‡Ω¶‡æ§‡æ≤‡Ω¥‡Ω£‡ºã ‡Ω¶‡æê‡Ω¥‡Ω†‡Ω≤‡ºã‡Ω£‡Ωò‡ºã‡Ω¶‡æ≤‡Ωº‡Ω£‡ºã‡Ωë‡ΩÑ‡ºã‡ºç ‡Ω£‡Ωò‡ºã‡Ω¶‡æ≤‡Ωº‡Ω£‡ºã‡Ωë‡Ω∫‡Ω¢‡ºã‡Ωñ‡Ω¶‡æí‡æ±‡Ω¥‡Ω¢‡ºã‡Ωñ‡ΩÖ‡Ωº‡Ω¶‡ºã‡Ωë‡ΩÇ‡Ωº‡Ω¶‡ºã‡Ωò‡Ω≤‡Ωì‡ºç,https://youtu.be/tyUJZ_cClMY?si=I9pA9tppIPjYYBqV,2024.0, Tibethaus Deutschland Tibet House Germany,Good,India,Male,60-70,True,01:01:21
231,STT_PC0231,‡Ωñ‡Ωº‡Ωë‡ºã‡ΩÄ‡æ±‡Ω≤‡ºã‡Ω¶‡æê‡Ωë‡ºã‡Ω°‡Ω≤‡ΩÇ‡ºã‡ΩÇ‡ΩÖ‡Ω∫‡Ω¶‡ºã‡Ω¶‡æê‡æ±‡Ωº‡ΩÑ‡ºã‡ºç,https://youtu.be/Ak1mHPGssxU?si=M1r4myuqpRm-MX82,2018.0,VOA,Good,India,Male,70_80,True,00:41:07
232,STT_PC0232,The Unspoken Truths | Dagyab Rinpoche,https://youtu.be/dt9n3rL9DcI?si=Ur2Y9HQUen1FlnXh,2024.0,Bhuchung Kata,Good,India,Male,70_80,True,02:03:19
233,STT_PC0233,‡Ωû‡Ω≤‡ΩÑ‡ºã‡Ω£‡Ω¶‡ºã‡Ω†‡Ωë‡Ω∫‡Ωñ‡Ω¶‡ºã‡Ωî‡ºã‡Ωë‡ΩÑ‡ºã‡Ω†‡Ωõ‡Ω¥‡ΩÇ‡Ω¶‡ºã‡Ωî‡Ω†‡Ω≤‡ºã‡ΩÅ‡æ±‡Ωë‡ºã‡Ωî‡Ω¢‡ºç ‡Ωê‡ºã‡Ω¶‡æô‡Ωë‡ºã‡ΩÑ‡Ωº‡ºã‡Ω¶‡æ§‡æ≤‡Ωº‡Ωë‡ºç ‡Ω†‡Ωë‡Ω∫‡Ωñ‡Ω¶‡ºã‡Ω†‡Ωõ‡Ω¥‡ΩÇ‡Ω¶‡ºç ‡ΩÇ‡ΩÑ‡Ω¶‡ºã‡Ωï‡æ≤‡Ω¥‡ΩÇ,https://youtu.be/WUKrKgSQBJ0?si=CQV49yPtc1v3faVK,2024.0,‡ΩÇ‡ΩÑ‡Ω¶‡ºã‡Ωï‡æ≤‡Ω¥‡ΩÇ,Good,India,Male,30-40,True,00:07:17
234,STT_PC0234,‡Ωñ‡Ωº‡Ωë‡ºã‡ΩÄ‡æ±‡Ω≤‡ºã‡ΩÜ‡Ωñ‡ºã‡Ω¶‡æ≤‡Ω≤‡Ωë‡ºã‡Ωñ‡Ωô‡Ωº‡Ωì‡ºã‡Ωü‡Ω¥‡Ω¢‡ºã‡Ωñ‡ΩÄ‡Ω†‡ºã‡Ωü‡Ω¥‡Ω¢‡ºã‡Ωû‡Ω∫‡ºã‡Ωñ‡Ωº‡ºã‡Ωñ‡æ≥‡Ωº‡ºã‡Ωñ‡Ωü‡ΩÑ‡ºã‡Ωë‡Ω¢‡ºã‡Ω¢‡æí‡æ±‡Ω¶‡ºç ‡Ωë‡ΩÑ‡ºã‡Ωî‡Ωº‡ºç,https://youtu.be/cpxh2TR14yU?si=3O3yZucnDT7BSQ9d,2023.0,VOA,Good,India,Both,,True,00:05:45
235,STT_PC0235,‡ΩÜ‡Ωñ‡ºã‡Ω¶‡æ≤‡Ω≤‡Ωë‡ºã‡Ωñ‡Ωô‡Ωº‡Ωì‡ºã‡Ωü‡Ω¥‡Ω¢‡ºã‡Ωñ‡æ≥‡Ωº‡ºã‡Ωñ‡Ωü‡ΩÑ‡ºã‡Ω°‡Ωº‡Ωì‡ºã‡Ωè‡Ωì‡ºç ‡ΩÇ‡Ωâ‡Ω≤‡Ω¶‡ºã‡Ωî‡ºç,https://youtu.be/7IdZwhJe2yg?si=9Fm-cBeSviGDaKYK,2023.0,,,India,Both,,True,00:07:01
236,STT_PC0236,‡ΩÜ‡Ωñ‡ºã‡Ω¶‡æ≤‡Ω≤‡Ωë‡ºã‡Ωñ‡Ωô‡Ωº‡Ωì‡ºã‡Ωî‡ºã‡Ωë‡ΩÇ‡Ω∫‡ºã‡Ω†‡Ωë‡Ω¥‡Ωì‡ºã‡Ωî‡ºã‡Ωñ‡Ω¶‡æü‡Ωì‡ºã‡Ω†‡Ωõ‡Ω≤‡Ωì‡ºã‡Ωâ‡Ω≤‡ºã‡Ωò‡ºã‡ΩÑ‡Ωº‡ºã‡Ω¶‡æ§‡æ≤‡Ωº‡Ωë‡ºç,https://youtu.be/VY311I1b-lQ?si=QoHHRPzPRGmWTR8w,2023.0,,,India,Both,,True,00:03:57
237,STT_PC0237,Tai Situ Rinpoche and Palpung Monastery ‡Ω¶‡Ω≤‡ºã‡Ωè‡Ω¥‡ºã‡Ωî‡ºã‡Ωë‡ΩÑ‡ºã‡Ωë‡Ωî‡Ω£‡ºã‡Ω¶‡æ§‡Ω¥‡ΩÑ‡Ω¶‡ºã‡Ωë‡ΩÇ‡Ωº‡Ωì‡ºã‡Ωî‡Ω†‡Ω≤‡ºã‡ΩÜ‡Ωº‡Ω¶‡ºã‡Ω¢‡Ω≤‡ΩÇ‡ºã‡Ω£‡Ω∫‡ΩÇ‡Ω¶‡ºã‡Ω¶‡æê‡æ±‡Ω∫‡Ω¶‡ºç,https://youtu.be/230pPdXxpeA?si=lTSlQESkXwegJgVR,2016.0,,,India,Both,,True,00:37:04
238,STT_PC0238,‡Ω¢‡æ£‡Ω£‡ºã‡Ω†‡Ωñ‡æ±‡Ωº‡Ω¢‡ºã‡Ωî‡ºã‡Ωë‡ΩÑ‡ºã‡Ωë‡æ≤‡Ωì‡ºã‡Ωî‡ºã‡Ωâ‡Ω∫‡Ω¢‡ºã‡Ωñ‡Ωû‡ΩÇ‡ºã‡ΩÇ‡Ω≤‡ºã‡Ω¶‡æí‡Ωº‡Ωò‡ºã‡Ω†‡ΩÜ‡Ωë‡ºã‡ΩÅ‡æ≤‡Ω≤‡Ωë‡ºã‡Ωî‡ºã‡Ωò‡Ω≤‡ºã‡Ω†‡ΩÇ‡æ±‡Ω¥‡Ω¢‡ºã‡Ω¢‡Ω≤‡Ωì‡ºã‡Ωî‡Ωº‡ºã‡ΩÜ‡Ω∫‡ºç,https://youtu.be/T30WhJTc8YA?si=NPGiBIFltxlf_1Xg,2016.0,,,India,Both,,True,00:34:36
239,STT_PC0239,‡Ω¶‡æê‡Ω¥‡Ω†‡Ω≤‡ºã‡ΩÇ‡ΩÖ‡Ω∫‡Ωì‡ºã‡Ωî‡Ωº‡ºã‡Ω¢‡æí‡æ±‡Ω£‡ºã‡Ω£‡Ωº‡ºã‡Ωë‡Ωº‡Ωì‡ºã‡Ω†‡ΩÇ‡æ≤‡Ω¥‡Ωñ‡ºç,https://youtu.be/-1v4Ge7pJCs?si=zfxhPj-U-YDPadNj,2016.0,,,India,Both,,True,01:02:40
240,STT_PC0240,2‡ºã‡Ω¶‡æê‡Ω¥‡Ω†‡Ω≤‡ºã‡ΩÇ‡ΩÖ‡Ω∫‡Ωì‡ºã‡Ωî‡Ωº‡ºã‡Ω¢‡æí‡æ±‡Ω£‡ºã‡Ω£‡Ωº‡ºã‡Ωë‡Ωº‡Ωì‡ºã‡Ω†‡ΩÇ‡æ≤‡Ω¥‡Ωñ‡ºç,https://youtu.be/JECuMDetvfc?si=32diuPeFz8rNPBYy,2016.0,,,India,Both,,True,01:03:03
241,STT_PC0241,3 ‡Ω¶‡æê‡Ω¥‡Ω†‡Ω≤‡ºã‡ΩÇ‡ΩÖ‡Ω∫‡Ωì‡ºã‡Ωî‡Ωº‡ºã‡Ω¢‡æí‡æ±‡Ω£‡ºã‡Ω£‡Ωº‡ºã‡Ωë‡Ωº‡Ωì‡ºã‡Ω†‡ΩÇ‡æ≤‡Ω¥‡Ωñ‡ºç,https://youtu.be/o5csxIdYc90?si=pfyHwKMTGM0PrkPP,2016.0,,,India,Both,,True,00:28:07
242,STT_PC0242,‡Ωñ‡Ωº‡Ωë‡ºã‡ΩÄ‡æ±‡Ω≤‡ºã‡Ω°‡Ω≤‡ΩÇ‡ºã‡ΩÇ‡Ωü‡Ω¥‡ΩÇ‡Ω¶‡ºã‡Ω¶‡æí‡æ±‡Ω¥‡ºã‡Ω¢‡æ©‡Ω£‡ºã‡Ωñ‡ºã‡Ωû‡Ω≤‡ΩÇ‡ºã‡ΩÇ‡Ω≤‡ºã‡Ωò‡Ω≤‡ºã‡Ωö‡Ω∫‡ºç,https://youtu.be/WtbkZ2DLV6Q?si=pq0kJPahL48Yb7dI,2018.0,,,India,Both,,True,00:15:04
243,STT_PC0243,‡Ωë‡Ωî‡Ω£‡ºã‡Ω£‡æ°‡Ωì‡ºã‡Ωñ‡Ωº‡Ωë‡ºã‡Ωò‡Ω≤‡ºã‡Ωò‡ΩÑ‡ºã‡Ω¶‡æ§‡æ±‡Ω≤‡ºã‡Ω†‡Ωê‡Ω¥‡Ω¶‡ºã‡Ωö‡Ωº‡ΩÇ‡Ω¶‡ºã‡ΩÇ‡Ωô‡Ωº‡ºã‡Ωë‡ΩÑ‡ºã‡ºç ‡Ωö‡Ωº‡ΩÇ‡Ω¶‡ºã‡ΩÇ‡Ωû‡Ωº‡Ωì‡ºã‡ΩÇ‡Ωâ‡Ω≤‡Ω¶‡ºã‡Ωì‡Ω¶‡ºã‡Ωò‡ΩÑ‡ºã‡ΩÇ‡Ωô‡Ωº‡Ω†‡Ω≤‡ºã‡Ω†‡Ωï‡Ω∫‡Ω£‡ºã‡Ω¢‡Ω≤‡Ωò‡ºã‡Ω¶‡æê‡Ωº‡Ω¢‡ºã‡ΩÇ‡æ±‡Ω≤‡ºã‡ΩÇ‡Ω¶‡Ω¥‡ΩÑ‡ºã‡Ωñ‡Ω§‡Ωë‡ºç,https://youtu.be/VwJ6nM7phv8?si=ciQYQLh0vT_TwMvl,2016.0,,,India,Both,,True,00:43:30
244,STT_PC0244,‡Ω¶‡æ§‡æ±‡Ω≤‡ºã‡Ω†‡Ωê‡Ω¥‡Ω¶‡ºã‡Ωî‡Ωë‡æ®‡ºã‡Ω†‡Ωñ‡æ±‡Ω¥‡ΩÑ‡ºã‡ΩÇ‡Ωì‡Ω¶‡ºã‡Ωò‡ΩÜ‡Ωº‡ΩÇ‡ºã‡Ωì‡Ω¶‡ºã‡Ω£‡Ωº‡ºã‡ΩÑ‡Ωº‡ºã‡Ωñ‡ΩÖ‡Ω¥‡ºã‡Ωï‡æ≤‡ΩÇ‡ºã‡Ω£‡æî‡Ω†‡Ω≤‡ºã‡Ω¢‡Ω≤‡ΩÑ‡ºã‡ΩÇ‡Ω≤‡ºã‡Ωñ‡Ωº‡Ωë‡ºã‡Ωò‡Ω≤‡Ω†‡Ω≤‡ºã‡Ω¶‡æí‡æ≤‡Ω≤‡ΩÇ‡ºã‡Ω†‡Ωõ‡Ω¥‡ΩÇ‡Ω¶‡ºã‡Ω¶‡æê‡Ωº‡Ω¢‡ºã‡ΩÇ‡Ω¶‡Ω¥‡ΩÑ‡ºã‡Ωñ‡Ω§‡Ωë‡ºç,https://youtu.be/ltIsJdwpCF8?si=4S0j3NsiJ6ePO-Nk,2016.0,,,India,Both,,True,00:51:23
245,STT_PC0245,‡Ω¶‡æ§‡æ±‡Ω≤‡ºã‡Ω†‡Ωê‡Ω¥‡Ω¶‡ºã‡Ωö‡Ωº‡ΩÇ‡Ω¶‡ºã‡ΩÇ‡Ωô‡Ωº‡ºã‡Ωü‡Ω¥‡Ω¢‡ºã‡Ωî‡ºã‡Ω¶‡æ§‡Ω∫‡Ωì‡ºã‡Ωî‡ºã‡Ωö‡Ω∫‡ºã‡Ω¢‡Ω≤‡ΩÑ‡ºã‡Ωò‡ΩÜ‡Ωº‡ΩÇ‡ºã ‡º¢‡º†‡º¢‡º° ‡Ω£‡Ωº‡Ω†‡Ω≤‡ºã‡Ω¶‡æ≤‡Ω≤‡Ωë‡ºã‡Ω¶‡æê‡æ±‡Ωº‡ΩÑ‡ºã‡ºã‡Ω†‡Ωº‡Ω¶‡ºã‡ΩÇ‡Ωû‡Ω≤‡Ω¢‡ºã‡Ωñ‡Ωû‡Ω∫‡ΩÑ‡Ω¶‡ºã‡Ωî‡Ω†‡Ω≤‡ºã‡ΩÇ‡Ω¶‡Ω£‡ºã‡Ωñ‡Ω¶‡æí‡æ≤‡ΩÇ‡Ω¶‡ºç,https://youtu.be/S40IVZIHuic?si=qMYLDl_GTBgwYtWP,2021.0,PTforSikyong,,India,Both,,True,01:05:36
246,STT_PC0246,‡Ω¶‡æ≤‡Ω≤‡Ωë‡ºã‡Ω¶‡æê‡æ±‡Ωº‡ΩÑ‡ºã‡Ω†‡Ωº‡Ω¶‡ºã‡Ωò‡Ω≤‡ºã‡Ω¶‡æ§‡Ω∫‡Ωì‡ºã‡Ωî‡ºã‡Ωö‡Ω∫‡ºã‡Ω¢‡Ω≤‡ΩÑ‡ºã‡Ω£‡ΩÇ‡Ω¶‡ºã‡Ωë‡ΩÑ‡ºã‡ΩÇ‡æ≥‡Ω∫‡ΩÑ‡ºã‡Ωò‡Ωº‡Ω£‡ºç RFA interview with Sikyong candidate Penpa Tsering,https://youtu.be/9LjgiPDU3zw?si=szmqfmmXj3-apuvV,2021.0,PTforSikyong,,India,Both,,True,00:46:27
247,STT_PC0247,‡ºß‡ΩÇ‡Ωº‡ΩÑ‡ºã‡Ω¶‡ºã‡Ωò‡ΩÜ‡Ωº‡ΩÇ‡ºã‡ΩÇ‡Ω≤‡ºã‡Ωñ‡ΩÄ‡Ω†‡ºã‡Ω¶‡æ≥‡Ωº‡Ωñ‡ºç ‡º°‡º©‡º®‡º¶ ‡Ω£‡Ωº‡Ω¢‡ºçHH.Dalai lama addressing to Tibetan in 1986,https://youtu.be/mrFlTpuh9w8?si=pi6_P7ZvfZF4VAnK,2023.0,,,India,Both,,True,00:43:33
248,STT_PC0248,‡Ωï‡Ω¥‡ºã‡Ωì‡Ω¥‡ºã‡Ωò‡Ωë‡Ωº‡ºã‡Ω£‡Ω¶‡ºã‡ΩÇ‡Ω¶‡Ω¥‡ΩÑ‡Ω¶‡ºã‡Ωî‡Ω†‡Ω≤‡ºã‡ΩÅ‡æ±‡Ω≤‡Ωò‡ºã‡Ωö‡ΩÑ‡ºã‡Ω¶‡æ≥‡Ωº‡Ωñ‡ºã‡ΩÇ‡Ω¶‡Ωº‡ºç ‡Ω†‡ΩÜ‡Ωë‡ºã‡ΩÅ‡æ≤‡Ω≤‡Ωë‡ºã‡Ωò‡ΩÅ‡Ωì‡ºç ‡ΩÅ‡æ≤‡Ω≤‡ºã‡Ωè‡Ωº‡ºã‡Ω¢‡Ω∫‡Ω†‡Ωò‡ºã‡Ωê‡Ω¥‡Ωñ‡ºã‡Ωñ‡Ω¶‡æü‡Ωì‡ºã‡Ωï‡Ω¥‡Ωì‡ºã‡Ωö‡Ωº‡ΩÇ‡Ω¶‡ºç,https://youtu.be/XRSQDuChG1U?si=F766mjDjL8cpFZIH,2023.0,,,India,Both,,True,01:28:34
249,STT_PC0249,‡Ωñ‡Ωº‡Ωë‡ºã‡Ωò‡Ω≤‡ºã‡Ωò‡ΩÑ‡ºã‡Ω¶‡æ§‡æ±‡Ω≤‡ºã‡Ω†‡Ωê‡Ω¥‡Ω¶‡ºã‡ΩÄ‡æ±‡Ω≤‡ºã‡Ω¶‡æê‡Ω¥‡ºã‡Ωö‡Ωñ‡ºã‡Ωö‡Ωº‡ΩÇ‡Ω¶‡ºã‡ΩÜ‡Ω¥‡ΩÑ‡ºã‡Ω°‡Ω¥‡ºã‡Ω¢‡Ωº‡Ωñ‡ºã‡Ωè‡Ω¥‡ºã‡Ωï‡æ±‡Ωº‡ΩÇ‡Ω¶‡ºã‡Ωñ‡Ω¶‡æê‡æ±‡Ωº‡Ωë‡ºã‡ΩÇ‡Ωì‡ΩÑ‡ºã‡Ωñ‡ºçInterview with MP Dolma Tsering,https://youtu.be/MJSRoUQjrN0?si=vq0iv3pCUETkmnMe,2023.0,,,India,Both,,True,00:32:05
250,STT_PC0250,‡ΩÜ‡Ωñ‡ºã‡Ω¶‡æ≤‡Ω≤‡Ωë‡ºã‡Ωñ‡Ωô‡Ωº‡Ωì‡ºã‡Ωî‡ºã‡Ωñ‡æ≥‡Ωº‡ºã‡Ωñ‡Ωü‡ΩÑ‡ºã‡Ωì‡Ωº‡Ω¢‡ºã‡Ωñ‡Ω¥‡ºã‡ΩÑ‡Ωº‡ºã‡Ω¶‡æ§‡æ≤‡Ωº‡Ωë‡ºç,https://youtu.be/1KVLnCQDyQw?si=TwXBPLENAAAgMQnb,2023.0,,,India,Both,,True,00:06:24
251,,,,,,,India,Both,,False,
252,,,,,,,India,Both,,False,
253,,,,,,,India,Both,,False,
254,,,,,,,India,Both,,False,
255,,,,,,,India,Both,,False,
256,,,,,,,India,Both,,False,
257,,,,,,,India,Both,,False,
258,,,,,,,India,Both,,False,
259,,,,,,,India,Both,,False,
260,,,,,,,India,Both,,False,
261,,,,,,,India,Both,,False,
262,,,,,,,India,Both,,False,
263,,,,,,,India,Both,,False,
264,,,,,,,India,Both,,False,
265,,,,,,,India,Both,,False,
266,,,,,,,India,Both,,False,
267,,,,,,,India,Both,,False,
268,,,,,,,India,Both,,False,
269,,,,,,,India,Both,,False,
270,,,,,,,India,Both,,False,
271,,,,,,,India,Both,,False,
272,,,,,,,India,Both,,False,
273,,,,,,,India,Both,,False,
274,,,,,,,India,Both,,False,
275,,,,,,,India,Both,,False,
276,,,,,,,India,Both,,False,
277,,,,,,,India,Both,,False,
278,,,,,,,India,Both,,False,
279,,,,,,,India,Both,,False,
280,,,,,,,India,Both,,False,
281,,,,,,,India,Both,,False,
282,,,,,,,India,Both,,False,
283,,,,,,,India,Both,,False,
284,,,,,,,India,Both,,False,
285,,,,,,,India,Both,,False,
286,,,,,,,India,Both,,False,
287,,,,,,,India,Both,,False,
288,,,,,,,India,Both,,False,
289,,,,,,,India,Both,,False,
290,,,,,,,India,Both,,False,
291,,,,,,,India,Both,,False,
292,,,,,,,India,Both,,False,
293,,,,,,,India,Both,,False,
294,,,,,,,India,Both,,False,
295,,,,,,,India,Both,,False,
296,,,,,,,India,Both,,False,
297,,,,,,,India,Both,,False,
298,,,,,,,India,Both,,False,
299,,,,,,,India,Both,,False,
300,,,,,,,India,Both,,False,
301,,,,,,,India,Both,,False,
302,,,,,,,India,Both,,False,
303,,,,,,,India,Both,,False,
304,,,,,,,India,Both,,False,
305,,,,,,,India,Both,,False,
306,,,,,,,India,Both,,False,
307,,,,,,,India,Both,,False,
308,,,,,,,India,Both,,False,
309,,,,,,,India,Both,,False,
310,,,,,,,India,Both,,False,
311,,,,,,,India,Both,,False,
312,,,,,,,India,Both,,False,
